PassengerId,Survived,Pclass,Name,Sex,Age,SibSp,Parch,Ticket,Fare,Cabin,Embarked
-1.730108,-0.789272,0.827377,108.0,1.0,-0.592481,0.432793,-0.473674,523.0,-0.502445,147.0,2.0
-1.72622,1.26699,-1.566107,190.0,0.0,0.638789,0.432793,-0.473674,596.0,0.786845,81.0,0.0
-1.722332,1.26699,0.827377,353.0,0.0,-0.284663,-0.474545,-0.473674,669.0,-0.488854,147.0,2.0
-1.718444,1.26699,-1.566107,272.0,0.0,0.407926,0.432793,-0.473674,49.0,0.42073,55.0,2.0
-1.714556,-0.789272,0.827377,15.0,1.0,0.407926,-0.474545,-0.473674,472.0,-0.486337,147.0,2.0
-1.710669,-0.789272,0.827377,554.0,1.0,-0.0,-0.474545,-0.473674,275.0,-0.478116,147.0,1.0
-1.706781,-0.789272,-1.566107,515.0,1.0,1.870059,-0.474545,-0.473674,85.0,0.395814,129.0,2.0
-1.702893,-0.789272,0.827377,624.0,1.0,-2.131568,2.24747,0.76763,395.0,-0.224083,147.0,2.0
-1.699005,1.26699,0.827377,412.0,0.0,-0.207709,-0.474545,2.008933,344.0,-0.424256,147.0,2.0
-1.695117,1.26699,-0.369365,576.0,0.0,-1.208115,0.432793,-0.473674,132.0,-0.042956,147.0,0.0
-1.691229,1.26699,0.827377,727.0,0.0,-1.977659,0.432793,0.76763,616.0,-0.312172,145.0,2.0
-1.687341,1.26699,-1.566107,95.0,0.0,2.177876,-0.474545,-0.473674,38.0,-0.113846,49.0,2.0
-1.683453,-0.789272,0.827377,729.0,1.0,-0.746389,-0.474545,-0.473674,535.0,-0.486337,147.0,2.0
-1.679565,-0.789272,0.827377,28.0,1.0,0.715743,0.432793,5.732844,333.0,-0.018709,147.0,2.0
-1.675678,-0.789272,0.827377,840.0,0.0,-1.208115,-0.474545,-0.473674,413.0,-0.49028,147.0,2.0
-1.67179,1.26699,-0.369365,359.0,0.0,1.947013,-0.474545,-0.473674,153.0,-0.326267,147.0,2.0
-1.667902,-0.789272,0.827377,682.0,1.0,-2.131568,3.154809,0.76763,480.0,-0.061999,147.0,1.0
-1.664014,1.26699,-0.369365,867.0,1.0,-0.0,-0.474545,-0.473674,151.0,-0.386671,147.0,2.0
-1.660126,-0.789272,0.827377,839.0,0.0,0.100109,0.432793,-0.473674,301.0,-0.285997,147.0,2.0
-1.656238,1.26699,0.827377,512.0,0.0,-0.0,-0.474545,-0.473674,184.0,-0.502949,147.0,0.0
-1.65235,-0.789272,-0.369365,273.0,1.0,0.407926,-0.474545,-0.473674,139.0,-0.12492,147.0,2.0
-1.648462,1.26699,-0.369365,80.0,1.0,0.330972,-0.474545,-0.473674,152.0,-0.386671,111.0,2.0
-1.644575,1.26699,0.827377,523.0,0.0,-1.131161,-0.474545,-0.473674,278.0,-0.486756,147.0,1.0
-1.640687,1.26699,-1.566107,765.0,1.0,-0.130754,-0.474545,-0.473674,42.0,0.06636,13.0,2.0
-1.636799,-0.789272,0.827377,626.0,0.0,-1.669842,2.24747,0.76763,395.0,-0.224083,147.0,2.0
-1.632911,1.26699,0.827377,44.0,0.0,0.638789,0.432793,5.732844,329.0,-0.016444,147.0,2.0
-1.629023,-0.789272,0.827377,240.0,1.0,-0.0,-0.474545,-0.473674,179.0,-0.502949,147.0,0.0
-1.625135,-0.789272,-1.566107,260.0,1.0,-0.823344,2.24747,2.008933,95.0,4.647001,63.0,2.0
-1.621247,1.26699,0.827377,605.0,0.0,-0.0,-0.474545,-0.473674,283.0,-0.489776,147.0,1.0
-1.617359,-0.789272,0.827377,813.0,1.0,-0.0,-0.474545,-0.473674,362.0,-0.489442,147.0,2.0
-1.613471,-0.789272,-1.566107,828.0,1.0,0.792698,-0.474545,-0.473674,598.0,-0.090272,147.0,0.0
-1.609584,1.26699,-1.566107,776.0,0.0,-0.0,0.432793,-0.473674,586.0,2.301729,41.0,0.0
-1.605696,1.26699,0.827377,289.0,0.0,-0.0,-0.474545,-0.473674,288.0,-0.492378,147.0,1.0
-1.601808,-0.789272,-0.369365,856.0,1.0,2.793511,-0.474545,-0.473674,549.0,-0.437007,147.0,2.0
-1.59792,-0.789272,-1.566107,535.0,1.0,-0.130754,0.432793,-0.473674,600.0,1.006062,147.0,0.0
-1.594032,-0.789272,-1.566107,372.0,1.0,0.946606,0.432793,-0.473674,43.0,0.398582,147.0,2.0
-1.590144,1.26699,0.827377,505.0,1.0,-0.0,-0.474545,-0.473674,202.0,-0.502864,147.0,0.0
-1.586256,-0.789272,0.827377,134.0,1.0,-0.669435,-0.474545,-0.473674,514.0,-0.486337,147.0,2.0
-1.582368,-0.789272,0.827377,837.0,0.0,-0.900298,1.340132,-0.473674,302.0,-0.285997,147.0,2.0
-1.578481,1.26699,0.827377,589.0,0.0,-1.208115,0.432793,-0.473674,186.0,-0.422074,147.0,0.0
-1.574593,-0.789272,0.827377,7.0,0.0,0.792698,0.432793,-0.473674,507.0,-0.457645,147.0,2.0
-1.570705,-0.789272,-0.369365,827.0,0.0,-0.207709,0.432793,-0.473674,53.0,-0.225593,147.0,2.0
-1.566817,-0.789272,0.827377,446.0,1.0,-0.0,-0.474545,-0.473674,391.0,-0.489442,147.0,0.0
-1.562929,1.26699,-0.369365,456.0,0.0,-2.054613,0.432793,2.008933,634.0,0.188763,147.0,0.0
-1.559041,1.26699,0.827377,212.0,0.0,-0.823344,-0.474545,-0.473674,282.0,-0.489776,147.0,1.0
-1.555153,-0.789272,0.827377,697.0,1.0,-0.0,-0.474545,-0.473674,617.0,-0.486337,147.0,2.0
-1.551265,-0.789272,0.827377,473.0,1.0,-0.0,0.432793,-0.473674,462.0,-0.336334,147.0,1.0
-1.547377,1.26699,0.827377,604.0,0.0,-0.0,-0.474545,-0.473674,76.0,-0.492378,147.0,1.0
-1.54349,-0.789272,0.827377,726.0,1.0,-0.0,1.340132,-0.473674,190.0,-0.211918,147.0,0.0
-1.539602,-0.789272,0.827377,38.0,0.0,-0.900298,0.432793,-0.473674,377.0,-0.290024,147.0,2.0
-1.535714,-0.789272,0.827377,629.0,1.0,-1.746796,3.154809,0.76763,249.0,0.150674,147.0,2.0
-1.531826,-0.789272,0.827377,594.0,1.0,-0.669435,-0.474545,-0.473674,522.0,-0.491371,147.0,2.0
-1.527938,1.26699,-1.566107,333.0,0.0,1.485287,0.432793,-0.473674,587.0,0.896497,101.0,0.0
-1.52405,1.26699,-0.369365,246.0,0.0,-0.0538,0.432793,-0.473674,239.0,-0.12492,147.0,2.0
-1.520162,-0.789272,-1.566107,620.0,1.0,2.716556,-0.474545,0.76763,29.0,0.59951,23.0,0.0
-1.516274,1.26699,-1.566107,873.0,1.0,-0.0,-0.474545,-0.473674,94.0,0.06636,71.0,2.0
-1.512387,1.26699,-0.369365,707.0,0.0,-0.669435,-0.474545,-0.473674,555.0,-0.437007,147.0,2.0
-1.508499,-0.789272,0.827377,595.0,1.0,-0.092277,-0.474545,-0.473674,215.0,-0.502864,147.0,0.0
-1.504611,1.26699,-0.369365,853.0,0.0,-1.900705,0.432793,2.008933,561.0,-0.089684,147.0,2.0
-1.500723,-0.789272,0.827377,299.0,1.0,-1.438978,4.062148,2.008933,566.0,0.295895,147.0,2.0
-1.496835,-0.789272,0.827377,749.0,1.0,-0.592481,-0.474545,-0.473674,197.0,-0.502864,147.0,0.0
-1.492947,1.26699,-1.566107,385.0,0.0,0.638789,-0.474545,-0.473674,32.0,0.962353,21.0,3.0
-1.489059,-0.789272,-1.566107,337.0,1.0,1.177469,0.432793,-0.473674,457.0,1.032321,80.0,2.0
-1.485171,-0.789272,0.827377,755.0,1.0,-1.977659,2.24747,2.008933,337.0,-0.086664,147.0,2.0
-1.481283,-0.789272,-1.566107,784.0,1.0,-0.0,-0.474545,-0.473674,601.0,-0.090272,147.0,0.0
-1.477396,1.26699,0.827377,560.0,1.0,-0.0,0.432793,0.76763,189.0,-0.341452,147.0,0.0
-1.473508,1.26699,-0.369365,596.0,0.0,-0.0538,-0.474545,-0.473674,553.0,-0.437007,142.0,2.0
-1.46962,-0.789272,0.827377,185.0,1.0,-0.823344,-0.474545,-0.473674,623.0,-0.484157,147.0,2.0
-1.465732,1.26699,0.827377,25.0,0.0,-0.977252,3.154809,2.008933,248.0,-0.488854,147.0,2.0
-1.461844,-0.789272,0.827377,440.0,1.0,-0.284663,1.340132,-0.473674,270.0,-0.474005,147.0,2.0
-1.457956,-0.789272,-0.369365,396.0,1.0,0.177063,-0.474545,-0.473674,557.0,-0.437007,147.0,2.0
-1.454068,-0.789272,0.827377,300.0,0.0,-1.054207,4.062148,2.008933,566.0,0.295895,147.0,2.0
-1.45018,-0.789272,-0.369365,376.0,1.0,-0.669435,-0.474545,-0.473674,621.0,0.831478,147.0,2.0
-1.446292,-0.789272,0.827377,161.0,1.0,-0.284663,0.432793,-0.473674,204.0,-0.357391,147.0,0.0
-1.442405,1.26699,0.827377,87.0,1.0,0.177063,-0.474545,-0.473674,80.0,0.489104,147.0,2.0
-1.438517,-0.789272,0.827377,546.0,1.0,-0.361618,-0.474545,-0.473674,347.0,-0.494391,140.0,2.0
-1.434629,-0.789272,0.827377,778.0,1.0,-0.0,-0.474545,-0.473674,355.0,-0.489442,147.0,2.0
-1.430741,-0.789272,0.827377,563.0,1.0,-0.0,-0.474545,-0.473674,473.0,-0.486337,147.0,2.0
-1.426853,1.26699,-0.369365,127.0,1.0,-2.221604,-0.474545,2.008933,158.0,-0.064516,147.0,2.0
-1.422965,1.26699,0.827377,223.0,0.0,0.023154,-0.474545,-0.473674,432.0,-0.397241,147.0,2.0
-1.419077,-0.789272,0.827377,842.0,1.0,-0.592481,-0.474545,-0.473674,304.0,-0.467209,147.0,2.0
-1.415189,1.26699,0.827377,737.0,1.0,-0.0538,-0.474545,-0.473674,311.0,-0.457142,147.0,2.0
-1.411302,1.26699,0.827377,519.0,0.0,-0.0,-0.474545,-0.473674,280.0,-0.491623,147.0,1.0
-1.407414,-0.789272,-1.566107,141.0,1.0,-0.130754,-0.474545,-0.473674,25.0,0.299922,147.0,2.0
-1.403526,1.26699,-0.369365,386.0,0.0,-0.977252,-0.474545,-0.473674,637.0,-0.437007,147.0,2.0
-1.399638,1.26699,0.827377,52.0,0.0,0.254017,2.24747,-0.473674,247.0,-0.329287,147.0,2.0
-1.39575,-0.789272,0.827377,255.0,1.0,-1.054207,0.432793,3.250237,676.0,0.043708,147.0,2.0
-1.391862,-0.789272,0.827377,764.0,1.0,-0.0,-0.474545,-0.473674,652.0,-0.486337,147.0,2.0
-1.387974,1.26699,-1.566107,259.0,0.0,-0.515526,2.24747,2.008933,95.0,4.647001,63.0,2.0
-1.384086,-0.789272,0.827377,149.0,1.0,-0.438572,-0.474545,-0.473674,297.0,-0.486337,147.0,2.0
-1.380198,-0.789272,0.827377,159.0,1.0,-0.0538,-0.474545,-0.473674,298.0,-0.486337,147.0,2.0
-1.376311,-0.789272,0.827377,31.0,1.0,-0.746389,-0.474545,-0.473674,341.0,-0.49028,147.0,2.0
-1.372423,-0.789272,-1.566107,150.0,1.0,1.254424,0.432793,-0.473674,678.0,0.583318,122.0,2.0
-1.368535,-0.789272,0.827377,209.0,1.0,-0.284663,0.432793,2.008933,548.0,-0.23415,147.0,2.0
-1.364647,-0.789272,0.827377,184.0,1.0,2.25483,-0.474545,-0.473674,428.0,-0.502445,147.0,2.0
-1.360759,-0.789272,0.827377,740.0,1.0,-0.0,-0.474545,-0.473674,475.0,-0.486337,147.0,2.0
-1.356871,-0.789272,-1.566107,292.0,1.0,3.178283,-0.474545,-0.473674,607.0,0.04933,12.0,0.0
-1.352983,1.26699,-1.566107,308.0,1.0,-0.515526,-0.474545,0.76763,612.0,0.627278,91.0,0.0
-1.349095,1.26699,-0.369365,219.0,0.0,0.330972,-0.474545,0.76763,117.0,-0.185324,147.0,2.0
-1.345208,-0.789272,-0.369365,422.0,1.0,0.330972,0.432793,-0.473674,150.0,-0.12492,147.0,2.0
-1.34132,-0.789272,0.827377,656.0,0.0,-0.130754,-0.474545,-0.473674,384.0,-0.489442,147.0,2.0
-1.337432,-0.789272,0.827377,658.0,1.0,-0.0,-0.474545,-0.473674,361.0,-0.489442,147.0,2.0
-1.333544,-0.789272,-1.566107,858.0,1.0,-0.669435,-0.474545,0.76763,417.0,0.907738,98.0,2.0
-1.329656,-0.789272,0.827377,405.0,1.0,0.254017,-0.474545,-0.473674,505.0,-0.474172,147.0,2.0
-1.325768,-0.789272,0.827377,312.0,1.0,0.561835,1.340132,-0.473674,245.0,-0.488854,147.0,2.0
-1.32188,-0.789272,0.827377,542.0,1.0,-0.130754,-0.474545,-0.473674,354.0,-0.489442,147.0,2.0
-1.317992,1.26699,0.827377,724.0,0.0,-0.669435,-0.474545,-0.473674,296.0,-0.494391,147.0,2.0
-1.314104,1.26699,0.827377,559.0,1.0,-0.0,-0.474545,-0.473674,254.0,-0.491874,147.0,2.0
-1.310217,-0.789272,0.827377,675.0,1.0,0.638789,-0.474545,-0.473674,388.0,-0.489442,147.0,2.0
-1.306329,1.26699,0.827377,552.0,0.0,-0.0,0.432793,-0.473674,469.0,-0.162169,147.0,1.0
-1.302441,-0.789272,-1.566107,667.0,1.0,1.331378,-0.474545,-0.473674,2.0,0.398582,52.0,2.0
-1.298553,-0.789272,0.827377,882.0,0.0,-1.169638,0.432793,-0.473674,193.0,-0.357391,147.0,0.0
-1.294665,-0.789272,0.827377,67.0,1.0,-0.592481,-0.474545,-0.473674,274.0,-0.486337,147.0,2.0
-1.290777,-0.789272,0.827377,417.0,0.0,-0.746389,0.432793,-0.473674,491.0,-0.450598,147.0,2.0
-1.286889,-0.789272,0.827377,46.0,0.0,-0.977252,-0.474545,-0.473674,176.0,-0.357308,147.0,0.0
-1.283001,-0.789272,0.827377,645.0,1.0,-0.669435,-0.474545,-0.473674,666.0,-0.488854,147.0,2.0
-1.279114,-0.789272,0.827377,178.0,1.0,3.139805,-0.474545,-0.473674,460.0,-0.492378,147.0,1.0
-1.275226,-0.789272,-0.369365,826.0,1.0,-0.0538,0.432793,-0.473674,53.0,-0.225593,147.0,2.0
-1.271338,-0.789272,-1.566107,70.0,1.0,-0.438572,-0.474545,0.76763,585.0,4.335332,36.0,0.0
-1.26745,-0.789272,0.827377,24.0,0.0,-2.131568,3.154809,2.008933,333.0,-0.018709,147.0,2.0
-1.263562,-0.789272,-0.369365,362.0,1.0,-0.669435,1.340132,-0.473674,621.0,0.831478,147.0,2.0
-1.259674,-0.789272,0.827377,551.0,1.0,-0.0,-0.474545,-0.473674,540.0,-0.486337,147.0,2.0
-1.255786,-0.789272,-0.369365,575.0,1.0,0.21554,0.432793,-0.473674,132.0,-0.042956,147.0,0.0
-1.251898,1.26699,-0.369365,848.0,0.0,0.21554,-0.474545,-0.473674,219.0,-0.386671,116.0,2.0
-1.24801,-0.789272,-1.566107,857.0,1.0,1.870059,-0.474545,0.76763,417.0,0.907738,98.0,2.0
-1.244123,1.26699,0.827377,588.0,1.0,-1.362024,0.432793,-0.473674,186.0,-0.422074,147.0,0.0
-1.240235,-0.789272,0.827377,525.0,1.0,-0.0,-0.474545,-0.473674,463.0,-0.492378,147.0,1.0
-1.236347,1.26699,0.827377,499.0,1.0,-0.438572,-0.474545,-0.473674,541.0,-0.504626,147.0,2.0
-1.232459,1.26699,0.827377,653.0,0.0,-0.0,0.432793,0.76763,196.0,-0.198244,138.0,0.0
-1.228571,-0.789272,0.827377,234.0,1.0,1.177469,-0.474545,-0.473674,318.0,-0.507982,147.0,2.0
-1.224683,-0.789272,0.827377,225.0,1.0,0.254017,-0.474545,-0.473674,380.0,-0.489442,147.0,0.0
-1.220795,-0.789272,0.827377,165.0,1.0,-0.746389,-0.474545,-0.473674,640.0,-0.506472,147.0,2.0
-1.216907,-0.789272,0.827377,695.0,0.0,1.331378,0.432793,-0.473674,537.0,-0.356469,147.0,2.0
-1.21302,1.26699,-0.369365,851.0,0.0,-0.0538,0.432793,-0.473674,111.0,-0.12492,147.0,2.0
-1.209132,-0.789272,-0.369365,772.0,1.0,-0.361618,-0.474545,-0.473674,552.0,-0.386671,147.0,2.0
-1.205244,-0.789272,-0.369365,685.0,1.0,-0.515526,-0.474545,-0.473674,630.0,-0.345479,147.0,0.0
-1.201356,1.26699,-1.566107,585.0,0.0,-0.823344,-0.474545,2.008933,55.0,-0.119216,107.0,2.0
-1.197468,-0.789272,-1.566107,271.0,1.0,0.561835,0.432793,-0.473674,49.0,0.42073,55.0,2.0
-1.19358,-0.789272,0.827377,618.0,1.0,-1.054207,-0.474545,-0.473674,504.0,-0.462846,147.0,2.0
-1.189692,-0.789272,-1.566107,282.0,1.0,-0.438572,-0.474545,-0.473674,592.0,0.946246,45.0,0.0
-1.185804,-0.789272,0.827377,99.0,0.0,-0.0,-0.474545,2.008933,203.0,-0.341452,147.0,0.0
-1.181916,1.26699,0.827377,597.0,0.0,-0.592481,-0.474545,-0.473674,332.0,-0.492378,147.0,2.0
-1.178029,1.26699,0.827377,319.0,0.0,-0.438572,0.432793,-0.473674,668.0,-0.329287,147.0,2.0
-1.174141,-0.789272,0.827377,116.0,1.0,-0.823344,-0.474545,-0.473674,438.0,-0.512513,147.0,1.0
-1.170253,-0.789272,-0.369365,32.0,1.0,-0.900298,-0.474545,-0.473674,118.0,-0.416873,147.0,2.0
-1.166365,-0.789272,-0.369365,586.0,1.0,-0.823344,0.432793,0.76763,558.0,0.091528,147.0,2.0
-1.162477,1.26699,0.827377,29.0,1.0,-0.207709,-0.474545,-0.473674,405.0,-0.491456,147.0,2.0
-1.158589,-0.789272,0.827377,254.0,0.0,-1.592887,1.340132,2.008933,676.0,0.043708,147.0,2.0
-1.154701,-0.789272,-0.369365,580.0,1.0,0.523357,-0.474545,2.008933,113.0,-0.12492,141.0,2.0
-1.150813,-0.789272,-0.369365,121.0,1.0,0.946606,-0.474545,-0.473674,147.0,-0.386671,147.0,2.0
-1.146925,-0.789272,-0.369365,68.0,1.0,1.639196,-0.474545,-0.473674,622.0,-0.396235,147.0,2.0
-1.143038,1.26699,-1.566107,643.0,0.0,-0.592481,0.432793,-0.473674,36.0,0.692549,61.0,2.0
-1.13915,-0.789272,0.827377,532.0,1.0,1.98549,-0.474545,-0.473674,516.0,-0.486337,147.0,2.0
-1.135262,-0.789272,0.827377,889.0,1.0,0.831175,-0.474545,2.008933,538.0,-0.356469,147.0,2.0
-1.131374,-0.789272,0.827377,612.0,1.0,-0.0,-0.474545,-0.473674,573.0,-0.501187,147.0,2.0
-1.127486,-0.789272,-1.566107,866.0,1.0,1.639196,-0.474545,0.76763,595.0,0.587429,147.0,0.0
-1.123598,1.26699,0.827377,287.0,0.0,-1.054207,-0.474545,-0.473674,418.0,-0.492714,147.0,1.0
-1.11971,-0.789272,0.827377,181.0,1.0,0.023154,-0.474545,-0.473674,654.0,-0.486337,147.0,2.0
-1.115822,-0.789272,0.827377,767.0,1.0,-0.0,-0.474545,-0.473674,258.0,-0.474005,147.0,2.0
-1.111935,-0.789272,0.827377,716.0,1.0,-0.0,6.784163,2.008933,568.0,0.751946,147.0,2.0
-1.108047,-0.789272,0.827377,186.0,1.0,1.100515,-0.474545,0.76763,470.0,-0.324253,147.0,2.0
-1.104159,1.26699,-0.369365,847.0,0.0,0.792698,-0.474545,-0.473674,559.0,-0.3313,147.0,2.0
-1.100271,-0.789272,0.827377,82.0,1.0,-0.284663,-0.474545,-0.473674,323.0,-0.491874,147.0,2.0
-1.096383,-0.789272,0.827377,129.0,1.0,-0.977252,-0.474545,-0.473674,265.0,-0.474005,147.0,2.0
-1.092495,-0.789272,0.827377,628.0,1.0,-2.208522,3.154809,0.76763,249.0,0.150674,147.0,2.0
-1.088607,1.26699,0.827377,293.0,1.0,-1.592887,-0.474545,2.008933,423.0,-0.235157,147.0,2.0
-1.084719,1.26699,-1.566107,157.0,0.0,-0.0,-0.474545,0.76763,28.0,0.458986,123.0,2.0
-1.080831,-0.789272,0.827377,760.0,0.0,1.177469,0.432793,4.49154,337.0,-0.086664,147.0,2.0
-1.076944,-0.789272,-1.566107,69.0,1.0,-0.0,-0.474545,-0.473674,576.0,-0.12643,147.0,2.0
-1.073056,-0.789272,0.827377,486.0,1.0,-0.130754,-0.474545,-0.473674,80.0,0.489104,147.0,2.0
-1.069168,-0.789272,-1.566107,832.0,1.0,2.408739,-0.474545,-0.473674,5.0,0.02609,18.0,2.0
-1.06528,-0.789272,0.827377,680.0,1.0,-1.977659,3.154809,0.76763,480.0,-0.061999,147.0,1.0
-1.061392,1.26699,0.827377,408.0,0.0,-2.208522,0.432793,0.76763,344.0,-0.424256,147.0,2.0
-1.057504,-0.789272,0.827377,752.0,1.0,-0.669435,-0.474545,-0.473674,659.0,-0.488854,147.0,2.0
-1.053616,-0.789272,-1.566107,769.0,1.0,2.023967,-0.474545,-0.473674,90.0,-0.030371,14.0,0.0
-1.049728,-0.789272,0.827377,444.0,1.0,-0.900298,0.432793,0.76763,412.0,-0.49028,147.0,2.0
-1.045841,-0.789272,0.827377,464.0,1.0,-0.0,2.24747,0.76763,488.0,-0.135658,147.0,2.0
-1.041953,-0.789272,-1.566107,388.0,0.0,1.562241,-0.474545,-0.473674,593.0,-0.070304,69.0,0.0
-1.038065,-0.789272,-0.369365,320.0,1.0,0.023154,-0.474545,-0.473674,169.0,-0.386671,147.0,2.0
-1.034177,-0.789272,0.827377,474.0,1.0,0.48488,-0.474545,-0.473674,574.0,-0.648422,147.0,2.0
-1.030289,-0.789272,0.827377,717.0,0.0,-0.0,6.784163,2.008933,568.0,0.751946,147.0,2.0
-1.026401,-0.789272,-0.369365,650.0,1.0,-0.0,-0.474545,-0.473674,629.0,-0.345395,147.0,0.0
-1.022513,-0.789272,0.827377,41.0,1.0,-1.592887,3.154809,2.008933,329.0,-0.016444,147.0,2.0
-1.018625,1.26699,-0.369365,76.0,1.0,-2.208522,1.340132,0.76763,114.0,0.136831,144.0,2.0
-1.014737,1.26699,0.827377,441.0,0.0,-1.977659,-0.474545,2.008933,271.0,-0.204955,147.0,2.0
-1.01085,-0.789272,-1.566107,700.0,1.0,-0.0,-0.474545,-0.473674,34.0,0.358313,9.0,2.0
-1.006962,1.26699,0.827377,601.0,0.0,-0.0,0.432793,-0.473674,459.0,-0.336334,147.0,1.0
-1.003074,1.26699,-1.566107,698.0,1.0,1.177469,-0.474545,-0.473674,11.0,-0.113846,147.0,2.0
-0.999186,-0.789272,0.827377,101.0,1.0,0.792698,0.432793,0.76763,435.0,-0.336334,147.0,1.0
-0.995298,-0.789272,0.827377,823.0,1.0,0.48488,-0.474545,-0.473674,386.0,-0.489442,147.0,2.0
-0.99141,1.26699,-0.369365,664.0,0.0,0.177063,-0.474545,-0.473674,122.0,-0.386671,147.0,2.0
-0.987522,-0.789272,-0.369365,136.0,1.0,-0.823344,-0.474545,-0.473674,227.0,-0.386671,147.0,2.0
-0.983634,1.26699,0.827377,20.0,0.0,-0.823344,0.432793,-0.473674,406.0,-0.49028,147.0,2.0
-0.979747,1.26699,-0.369365,579.0,1.0,-2.054613,0.432793,0.76763,113.0,-0.12492,141.0,2.0
-0.975859,1.26699,-1.566107,113.0,0.0,1.100515,-0.474545,-0.473674,604.0,-0.090272,28.0,0.0
-0.971971,1.26699,-1.566107,495.0,0.0,2.177876,-0.474545,-0.473674,586.0,2.301729,43.0,0.0
-0.968083,-0.789272,0.827377,533.0,1.0,-0.0,-0.474545,-0.473674,452.0,-0.492378,147.0,1.0
-0.964195,-0.789272,0.827377,611.0,1.0,0.946606,-0.474545,0.76763,494.0,-0.479206,147.0,2.0
-0.960307,1.26699,0.827377,497.0,0.0,-0.0,-0.474545,-0.473674,461.0,-0.492378,147.0,1.0
-0.956419,-0.789272,-0.369365,881.0,0.0,-0.438572,-0.474545,-0.473674,160.0,-0.386671,147.0,2.0
-0.952531,-0.789272,0.827377,834.0,1.0,-0.130754,-0.474545,-0.473674,306.0,-0.457142,147.0,2.0
-0.948643,-0.789272,0.827377,721.0,1.0,-0.0,6.784163,2.008933,568.0,0.751946,147.0,2.0
-0.944756,-0.789272,0.827377,403.0,1.0,0.330972,-0.474545,-0.473674,242.0,-0.517631,147.0,2.0
-0.940868,-0.789272,0.827377,878.0,1.0,1.215947,-0.474545,-0.473674,177.0,-0.502949,147.0,0.0
-0.93698,1.26699,0.827377,166.0,1.0,-0.900298,-0.474545,-0.473674,530.0,-0.486337,147.0,2.0
-0.933092,-0.789272,0.827377,789.0,0.0,-2.131568,-0.474545,0.76763,316.0,-0.437762,145.0,2.0
-0.929204,-0.789272,0.827377,51.0,1.0,0.177063,0.432793,-0.473674,247.0,-0.329287,147.0,2.0
-0.925316,1.26699,0.827377,9.0,1.0,-0.284663,-0.474545,-0.473674,216.0,-0.270141,147.0,0.0
-0.921428,1.26699,0.827377,140.0,0.0,-1.054207,-0.474545,-0.473674,445.0,-0.492378,147.0,1.0
-0.91754,1.26699,-1.566107,94.0,1.0,0.792698,-0.474545,-0.473674,17.0,-0.024246,8.0,0.0
-0.913653,-0.789272,0.827377,12.0,1.0,-0.438572,-0.474545,-0.473674,642.0,-0.506472,147.0,2.0
-0.909765,1.26699,-0.369365,131.0,0.0,0.407926,-0.474545,-0.473674,570.0,-0.225593,147.0,2.0
-0.905877,-0.789272,0.827377,649.0,1.0,-0.592481,-0.474545,-0.473674,526.0,-0.502445,147.0,2.0
-0.901989,-0.789272,-0.369365,288.0,1.0,0.023154,-0.474545,-0.473674,163.0,-0.386671,147.0,2.0
-0.898101,-0.789272,0.827377,437.0,1.0,-0.0,0.432793,-0.473674,443.0,-0.492378,147.0,1.0
-0.894213,1.26699,-1.566107,582.0,0.0,0.100109,0.432793,-0.473674,416.0,1.632335,103.0,0.0
-0.890325,1.26699,0.827377,375.0,0.0,-0.207709,-0.474545,-0.473674,670.0,-0.488854,147.0,2.0
-0.886437,-0.789272,-0.369365,390.0,1.0,0.946606,0.432793,-0.473674,142.0,-0.104785,147.0,2.0
-0.882549,1.26699,-1.566107,72.0,0.0,0.177063,-0.474545,-0.473674,63.0,0.887688,93.0,0.0
-0.878662,-0.789272,-0.369365,338.0,1.0,0.023154,-0.474545,-0.473674,679.0,-0.437007,147.0,2.0
-0.874774,1.26699,0.827377,791.0,1.0,-1.054207,-0.474545,-0.473674,653.0,-0.486337,147.0,2.0
-0.870886,-0.789272,-0.369365,105.0,1.0,-0.207709,-0.474545,-0.473674,105.0,-0.386671,147.0,2.0
-0.866998,-0.789272,0.827377,306.0,1.0,1.639196,-0.474545,-0.473674,102.0,-0.486337,147.0,2.0
-0.86311,-0.789272,0.827377,581.0,1.0,-0.0,-0.474545,-0.473674,375.0,-0.489442,147.0,2.0
-0.859222,1.26699,-1.566107,379.0,1.0,0.638789,0.432793,-0.473674,93.0,1.1637,87.0,2.0
-0.855334,-0.789272,0.827377,83.0,1.0,-0.592481,-0.474545,-0.473674,615.0,-0.460162,147.0,2.0
-0.851446,1.26699,-0.369365,531.0,1.0,-0.823344,-0.474545,-0.473674,672.0,-0.437007,147.0,2.0
-0.847559,-0.789272,0.827377,492.0,1.0,-0.707912,-0.474545,-0.473674,525.0,-0.502445,147.0,2.0
-0.843671,-0.789272,-0.369365,243.0,1.0,-0.900298,-0.474545,-0.473674,125.0,-0.386671,147.0,2.0
-0.839783,-0.789272,0.827377,467.0,0.0,-0.0,2.24747,0.76763,488.0,-0.135658,147.0,2.0
-0.835895,1.26699,-1.566107,339.0,0.0,0.407926,0.432793,-0.473674,457.0,1.032321,80.0,2.0
-0.832007,-0.789272,0.827377,460.0,1.0,-0.0538,-0.474545,-0.473674,322.0,-0.491874,147.0,2.0
-0.828119,-0.789272,-0.369365,754.0,1.0,2.25483,-0.474545,-0.473674,128.0,-0.376603,147.0,2.0
-0.824231,1.26699,0.827377,43.0,0.0,-1.900705,3.154809,2.008933,329.0,-0.016444,147.0,2.0
-0.820343,-0.789272,-0.369365,479.0,1.0,-0.438572,-0.474545,-0.473674,554.0,-0.437007,147.0,2.0
-0.816455,-0.789272,0.827377,329.0,0.0,-0.0,-0.474545,-0.473674,677.0,-0.496405,147.0,2.0
-0.812568,-0.789272,-0.369365,370.0,1.0,1.100515,0.432793,-0.473674,198.0,-0.12492,147.0,2.0
-0.80868,1.26699,-0.369365,172.0,0.0,-1.669842,-0.474545,2.008933,556.0,-0.119886,147.0,2.0
-0.804792,-0.789272,-0.369365,648.0,1.0,-0.823344,-0.474545,-0.473674,231.0,-0.437007,147.0,2.0
-0.800904,-0.789272,-0.369365,383.0,1.0,0.254017,-0.474545,-0.473674,636.0,-0.401268,147.0,2.0
-0.797016,-0.789272,0.827377,883.0,0.0,-0.0,0.432793,-0.473674,193.0,-0.357391,147.0,0.0
-0.793128,1.26699,0.827377,567.0,0.0,-0.0,0.432793,-0.473674,444.0,-0.336334,147.0,1.0
-0.78924,-0.789272,-0.369365,169.0,1.0,-0.0538,-0.474545,-0.473674,674.0,-0.437007,147.0,2.0
-0.785352,-0.789272,0.827377,500.0,1.0,-0.592481,-0.474545,-0.473674,658.0,-0.504962,147.0,2.0
-0.781464,-0.789272,0.827377,47.0,1.0,0.023154,-0.474545,-0.473674,213.0,-0.502949,147.0,0.0
-0.777577,-0.789272,-1.566107,539.0,1.0,1.100515,1.340132,-0.473674,92.0,1.1637,78.0,1.0
-0.773689,-0.789272,0.827377,481.0,0.0,-0.361618,-0.474545,-0.473674,325.0,-0.491874,147.0,2.0
-0.769801,1.26699,-0.369365,322.0,0.0,-0.438572,-0.474545,2.008933,166.0,-0.356469,147.0,2.0
-0.765913,1.26699,-1.566107,78.0,1.0,0.561835,0.432793,0.76763,54.0,0.409741,102.0,2.0
-0.762025,-0.789272,-0.369365,147.0,1.0,1.870059,0.432793,-0.473674,144.0,-0.12492,147.0,2.0
-0.758137,-0.789272,0.827377,673.0,1.0,-0.0,-0.474545,-0.473674,422.0,-0.502445,147.0,2.0
-0.754249,-0.789272,0.827377,790.0,0.0,-0.0538,0.432793,0.76763,316.0,-0.437762,145.0,2.0
-0.750361,-0.789272,-1.566107,782.0,1.0,2.485693,-0.474545,-0.473674,31.0,-0.113846,83.0,2.0
-0.746474,-0.789272,0.827377,487.0,1.0,0.023154,0.432793,-0.473674,536.0,-0.324253,147.0,2.0
-0.742586,-0.789272,0.827377,702.0,0.0,0.869652,-0.474545,2.008933,458.0,-0.241449,147.0,2.0
-0.738698,1.26699,0.827377,819.0,0.0,-0.0538,-0.474545,2.008933,185.0,-0.341452,147.0,0.0
-0.73481,1.26699,-1.566107,808.0,0.0,-0.0,-0.474545,-0.473674,589.0,0.946246,147.0,0.0
-0.730922,1.26699,-1.566107,156.0,0.0,0.023154,-0.474545,-0.473674,0.0,1.093229,40.0,2.0
-0.727034,1.26699,-1.566107,844.0,0.0,0.407926,-0.474545,-0.473674,608.0,9.667167,147.0,0.0
-0.723146,1.26699,-0.369365,636.0,0.0,1.562241,-0.474545,0.76763,115.0,-0.12492,147.0,2.0
-0.719258,-0.789272,0.827377,771.0,1.0,-0.0,-0.474545,-0.473674,482.0,-0.492378,147.0,1.0
-0.71537,1.26699,0.827377,42.0,1.0,-2.054613,3.154809,2.008933,329.0,-0.016444,147.0,2.0
-0.711483,-0.789272,-1.566107,799.0,1.0,1.71615,0.432793,0.76763,1.0,0.955306,134.0,2.0
-0.707595,-0.789272,-1.566107,340.0,1.0,0.792698,-0.474545,-0.473674,16.0,-0.648422,46.0,2.0
-0.703707,-0.789272,0.827377,356.0,0.0,-0.0,-0.474545,-0.473674,478.0,-0.492378,147.0,1.0
-0.699819,-0.789272,-0.369365,674.0,1.0,0.48488,-0.474545,-0.473674,546.0,-0.437007,147.0,2.0
-0.695931,-0.789272,0.827377,631.0,1.0,-1.054207,3.154809,0.76763,249.0,0.150674,147.0,2.0
-0.692043,1.26699,0.827377,652.0,1.0,-0.361618,0.432793,-0.473674,334.0,-0.491874,147.0,2.0
-0.688155,1.26699,-1.566107,305.0,0.0,2.177876,-0.474545,0.76763,588.0,2.441498,57.0,2.0
-0.684267,1.26699,-1.566107,91.0,0.0,0.407926,-0.474545,-0.473674,613.0,2.082512,89.0,2.0
-0.68038,-0.789272,-1.566107,125.0,1.0,-0.0,-0.474545,-0.473674,47.0,-0.024246,147.0,2.0
-0.676492,1.26699,0.827377,817.0,1.0,-0.361618,-0.474545,-0.473674,574.0,-0.648422,147.0,2.0
-0.672604,1.26699,-0.369365,530.0,0.0,0.869652,-0.474545,0.76763,162.0,-0.255795,147.0,2.0
-0.668716,-0.789272,-1.566107,577.0,1.0,0.561835,-0.474545,0.76763,594.0,-0.050421,54.0,0.0
-0.664828,1.26699,0.827377,350.0,0.0,-0.0,-0.474545,-0.473674,465.0,-0.492378,147.0,1.0
-0.66094,1.26699,-1.566107,33.0,0.0,2.562648,0.432793,-0.473674,71.0,0.921244,113.0,2.0
-0.657052,-0.789272,0.827377,482.0,0.0,1.177469,-0.474545,-0.473674,326.0,-0.492378,147.0,2.0
-0.653164,-0.789272,-0.369365,634.0,1.0,-0.0,-0.474545,-0.473674,135.0,-0.648422,147.0,2.0
-0.649276,-0.789272,0.827377,681.0,1.0,-1.746796,3.154809,0.76763,480.0,-0.061999,147.0,1.0
-0.645389,1.26699,0.827377,2.0,0.0,0.407926,0.432793,0.76763,551.0,-0.240694,147.0,2.0
-0.641501,-0.789272,0.827377,227.0,1.0,2.716556,-0.474545,-0.473674,290.0,-0.492378,147.0,1.0
-0.637613,-0.789272,0.827377,614.0,1.0,-0.130754,-0.474545,-0.473674,340.0,-0.49028,147.0,2.0
-0.633725,-0.789272,0.827377,887.0,1.0,-1.054207,-0.474545,-0.473674,310.0,-0.457142,147.0,2.0
-0.629837,1.26699,0.827377,221.0,1.0,-0.823344,-0.474545,-0.473674,533.0,-0.486337,147.0,2.0
-0.625949,-0.789272,-1.566107,770.0,1.0,-0.0,-0.474545,-0.473674,24.0,-0.12492,3.0,2.0
-0.622061,-0.789272,0.827377,779.0,1.0,0.254017,-0.474545,-0.473674,378.0,-0.474005,147.0,0.0
-0.618173,1.26699,0.827377,886.0,1.0,0.023154,-0.474545,-0.473674,308.0,-0.457142,147.0,2.0
-0.614286,-0.789272,0.827377,570.0,1.0,-0.592481,-0.474545,-0.473674,353.0,-0.489442,147.0,2.0
-0.610398,1.26699,-0.369365,378.0,1.0,0.946606,-0.474545,-0.473674,134.0,-0.386671,147.0,2.0
-0.60651,1.26699,0.827377,177.0,0.0,-0.592481,-0.474545,-0.473674,464.0,-0.492378,147.0,1.0
-0.602622,1.26699,-1.566107,65.0,0.0,-0.284663,-0.474545,-0.473674,91.0,0.939198,147.0,2.0
-0.598734,1.26699,-1.566107,90.0,0.0,-0.823344,0.432793,-0.473674,64.0,1.18543,31.0,0.0
-0.594846,-0.789272,-0.369365,477.0,1.0,0.48488,-0.474545,-0.473674,635.0,-0.389188,90.0,0.0
-0.590958,-0.789272,0.827377,315.0,0.0,-0.438572,-0.474545,-0.473674,376.0,-0.47023,147.0,2.0
-0.58707,-0.789272,0.827377,541.0,1.0,-0.438572,-0.474545,-0.473674,374.0,-0.489442,147.0,2.0
-0.583182,-0.789272,-1.566107,478.0,1.0,-0.0,-0.474545,-0.473674,606.0,-0.090272,147.0,0.0
-0.579295,-0.789272,0.827377,324.0,1.0,-0.477049,-0.474545,-0.473674,212.0,-0.502864,147.0,0.0
-0.575407,-0.789272,-1.566107,17.0,0.0,-2.131568,0.432793,2.008933,37.0,2.40299,62.0,2.0
-0.571519,1.26699,-1.566107,714.0,1.0,-0.0,-0.474545,-0.473674,98.0,-0.034314,51.0,2.0
-0.567631,1.26699,-1.566107,71.0,0.0,1.562241,-0.474545,0.76763,585.0,4.335332,36.0,0.0
-0.563743,1.26699,0.827377,431.0,0.0,-0.0,-0.474545,-0.473674,513.0,-0.492378,147.0,1.0
-0.559855,1.26699,0.827377,518.0,1.0,-0.0,1.340132,-0.473674,441.0,-0.18029,147.0,1.0
-0.555967,-0.789272,0.827377,411.0,1.0,-0.823344,-0.474545,-0.473674,574.0,-0.648422,147.0,2.0
-0.552079,1.26699,-0.369365,428.0,0.0,-0.0,-0.474545,-0.473674,109.0,-0.399758,116.0,1.0
-0.548192,-0.789272,0.827377,868.0,1.0,-0.0,-0.474545,-0.473674,527.0,-0.486337,147.0,2.0
-0.544304,1.26699,-1.566107,16.0,1.0,-2.214678,0.432793,2.008933,37.0,2.40299,62.0,2.0
-0.540416,1.26699,-1.566107,248.0,0.0,-0.0,-0.474545,-0.473674,83.0,1.584179,147.0,0.0
-0.536528,1.26699,-1.566107,647.0,0.0,-0.977252,0.432793,-0.473674,611.0,1.544246,74.0,0.0
-0.53264,-0.789272,-0.369365,3.0,1.0,0.023154,0.432793,-0.473674,575.0,-0.165189,147.0,0.0
-0.528752,1.26699,-1.566107,263.0,0.0,0.023154,-0.474545,-0.473674,584.0,0.49783,125.0,0.0
-0.524864,1.26699,-1.566107,348.0,0.0,-0.438572,-0.474545,-0.473674,59.0,1.025945,72.0,0.0
-0.520976,1.26699,-1.566107,710.0,0.0,-0.900298,1.340132,2.008933,602.0,4.634417,35.0,0.0
-0.517088,-0.789272,-0.369365,449.0,0.0,-0.284663,0.432793,0.76763,167.0,-0.12492,147.0,2.0
-0.513201,-0.789272,0.827377,355.0,1.0,-0.130754,-0.474545,-0.473674,382.0,-0.489442,147.0,2.0
-0.509313,-0.789272,-0.369365,342.0,1.0,1.023561,0.432793,0.76763,571.0,-0.119886,147.0,2.0
-0.505425,1.26699,0.827377,590.0,0.0,-0.284663,-0.474545,-0.473674,343.0,-0.49028,147.0,2.0
-0.501537,1.26699,-0.369365,423.0,0.0,-0.438572,0.432793,-0.473674,150.0,-0.12492,147.0,2.0
-0.497649,-0.789272,-0.369365,555.0,1.0,1.870059,-0.474545,-0.473674,232.0,-0.366536,147.0,2.0
-0.493761,1.26699,-1.566107,859.0,0.0,0.100109,-0.474545,2.008933,453.0,2.671118,76.0,2.0
-0.489873,1.26699,-1.566107,775.0,0.0,0.792698,0.432793,0.76763,81.0,2.059694,124.0,0.0
-0.485985,-0.789272,0.827377,211.0,1.0,-0.592481,-0.474545,-0.473674,524.0,-0.502445,147.0,2.0
-0.482097,-0.789272,0.827377,200.0,1.0,-0.207709,-0.474545,-0.473674,365.0,-0.489442,147.0,2.0
-0.47821,1.26699,-0.369365,762.0,0.0,0.023154,-0.474545,-0.473674,124.0,-0.399758,147.0,1.0
-0.474322,1.26699,-0.369365,128.0,0.0,-0.592481,0.432793,0.76763,158.0,-0.064516,147.0,2.0
-0.470434,-0.789272,0.827377,722.0,1.0,-0.0,6.784163,2.008933,568.0,0.751946,147.0,2.0
-0.466546,1.26699,-1.566107,877.0,0.0,0.48488,-0.474545,-0.473674,613.0,2.082512,65.0,0.0
-0.462658,-0.789272,0.827377,598.0,1.0,2.408739,-0.474545,-0.473674,299.0,-0.522832,147.0,2.0
-0.45877,1.26699,-0.369365,60.0,0.0,0.48488,-0.474545,-0.473674,229.0,-0.386671,90.0,2.0
-0.454882,1.26699,0.827377,295.0,0.0,0.100109,0.432793,0.76763,423.0,-0.235157,147.0,2.0
-0.450994,1.26699,-1.566107,363.0,0.0,-1.054207,-0.474545,0.76763,7.0,0.518971,17.0,0.0
-0.447107,1.26699,0.827377,517.0,0.0,-0.0,1.340132,-0.473674,441.0,-0.18029,147.0,1.0
-0.443219,-0.789272,-1.566107,637.0,1.0,1.215947,-0.474545,-0.473674,20.0,-0.074583,56.0,2.0
-0.439331,-0.789272,-1.566107,304.0,1.0,0.638789,-0.474545,0.76763,588.0,2.441498,85.0,2.0
-0.435443,-0.789272,0.827377,838.0,1.0,-1.054207,1.340132,-0.473674,302.0,-0.285997,147.0,2.0
-0.431555,1.26699,-1.566107,265.0,0.0,-0.0,0.432793,-0.473674,605.0,2.042579,147.0,2.0
-0.427667,-0.789272,0.827377,210.0,1.0,-0.0,-0.474545,-0.473674,370.0,-0.489442,147.0,2.0
-0.423779,-0.789272,-1.566107,642.0,1.0,-0.0538,0.432793,-0.473674,36.0,0.692549,61.0,2.0
-0.419891,1.26699,-1.566107,117.0,0.0,0.869652,-0.474545,-0.473674,81.0,2.059694,127.0,0.0
-0.416003,1.26699,0.827377,192.0,1.0,1.177469,-0.474545,-0.473674,510.0,-0.486337,147.0,2.0
-0.412116,-0.789272,-1.566107,93.0,1.0,1.177469,-0.474545,-0.473674,39.0,0.06636,146.0,2.0
-0.408228,1.26699,-0.369365,578.0,1.0,-2.131568,0.432793,0.76763,113.0,-0.12492,141.0,2.0
-0.40434,1.26699,-1.566107,258.0,0.0,-0.438572,2.24747,2.008933,95.0,4.647001,63.0,2.0
-0.400452,-0.789272,-0.369365,170.0,1.0,-0.130754,-0.474545,-0.473674,159.0,-0.386671,147.0,2.0
-0.396564,-0.789272,-0.369365,733.0,1.0,-0.361618,-0.474545,-0.473674,149.0,-0.386671,147.0,2.0
-0.392676,-0.789272,-0.369365,262.0,1.0,0.48488,-0.474545,-0.473674,112.0,-0.386671,147.0,2.0
-0.388788,1.26699,-0.369365,111.0,0.0,-0.438572,-0.474545,-0.473674,157.0,-0.386671,142.0,2.0
-0.3849,1.26699,-0.369365,768.0,0.0,0.792698,-0.474545,-0.473674,257.0,-0.386671,147.0,2.0
-0.381013,1.26699,0.827377,207.0,0.0,-0.0,0.432793,-0.473674,483.0,-0.324253,147.0,2.0
-0.377125,1.26699,0.827377,183.0,1.0,-2.054613,0.432793,0.76763,562.0,-0.32828,147.0,2.0
-0.373237,-0.789272,0.827377,215.0,1.0,0.946606,-0.474545,-0.473674,262.0,-0.474005,147.0,2.0
-0.369349,-0.789272,0.827377,608.0,1.0,-0.515526,-0.474545,-0.473674,503.0,-0.462679,147.0,2.0
-0.365461,-0.789272,-1.566107,870.0,1.0,-0.0,-0.474545,-0.473674,30.0,0.056292,59.0,2.0
-0.361573,-0.789272,0.827377,237.0,1.0,-1.131161,0.432793,0.76763,214.0,-0.502864,147.0,0.0
-0.357685,-0.789272,0.827377,37.0,1.0,-0.361618,0.432793,-0.473674,377.0,-0.290024,147.0,2.0
-0.353797,-0.789272,0.827377,879.0,1.0,-0.0,-0.474545,-0.473674,182.0,-0.502949,147.0,0.0
-0.349909,-0.789272,0.827377,835.0,1.0,-0.130754,-0.474545,-0.473674,314.0,-0.457142,147.0,2.0
-0.346022,1.26699,-1.566107,104.0,0.0,-0.592481,-0.474545,0.76763,28.0,0.458986,123.0,2.0
-0.342134,-0.789272,-0.369365,270.0,0.0,0.638789,-0.474545,-0.473674,131.0,-0.386671,147.0,2.0
-0.338246,1.26699,0.827377,522.0,0.0,-0.0,-0.474545,-0.473674,279.0,-0.489776,147.0,1.0
-0.334358,1.26699,0.827377,545.0,0.0,-0.0,-0.474545,-0.473674,285.0,-0.489776,147.0,1.0
-0.33047,-0.789272,0.827377,759.0,1.0,0.792698,0.432793,4.49154,337.0,-0.086664,147.0,2.0
-0.326582,-0.789272,-0.369365,888.0,1.0,-0.0538,0.432793,-0.473674,633.0,-0.090272,147.0,0.0
-0.322694,-0.789272,0.827377,64.0,0.0,1.177469,-0.474545,0.76763,211.0,-0.357391,147.0,0.0
-0.318806,-0.789272,0.827377,40.0,1.0,0.407926,-0.474545,-0.473674,641.0,-0.506472,147.0,2.0
-0.314919,-0.789272,0.827377,599.0,1.0,-0.0,0.432793,-0.473674,459.0,-0.336334,147.0,1.0
-0.311031,-0.789272,0.827377,5.0,1.0,0.023154,-0.474545,-0.473674,544.0,-0.502445,147.0,2.0
-0.307143,1.26699,-1.566107,845.0,0.0,2.331785,0.432793,-0.473674,4.0,0.866714,104.0,0.0
-0.303255,1.26699,0.827377,562.0,0.0,-0.0,-0.474545,-0.473674,175.0,-0.502864,147.0,0.0
-0.299367,1.26699,0.827377,400.0,0.0,-0.0,-0.474545,-0.473674,78.0,-0.492378,147.0,1.0
-0.295479,1.26699,-1.566107,48.0,0.0,-0.438572,-0.474545,-0.473674,581.0,0.746912,24.0,0.0
-0.291591,1.26699,-1.566107,328.0,1.0,-0.361618,0.432793,-0.473674,58.0,0.46788,131.0,0.0
-0.287703,-0.789272,0.827377,863.0,1.0,-0.900298,0.432793,-0.473674,244.0,-0.517631,147.0,2.0
-0.283815,-0.789272,0.827377,75.0,1.0,-0.823344,-0.474545,-0.473674,273.0,-0.486337,147.0,2.0
-0.279928,-0.789272,-1.566107,690.0,1.0,-0.592481,-0.474545,-0.473674,613.0,2.082512,147.0,0.0
-0.27604,-0.789272,0.827377,625.0,0.0,-2.054613,2.24747,0.76763,395.0,-0.224083,147.0,2.0
-0.272152,1.26699,-1.566107,536.0,0.0,-0.0,0.432793,-0.473674,600.0,1.006062,147.0,0.0
-0.268264,1.26699,0.827377,454.0,0.0,-0.592481,-0.474545,-0.473674,545.0,-0.502445,147.0,2.0
-0.264376,-0.789272,-1.566107,862.0,1.0,-0.207709,-0.474545,2.008933,27.0,3.610065,79.0,0.0
-0.260488,-0.789272,0.827377,85.0,1.0,-0.746389,-0.474545,-0.473674,183.0,-0.567631,147.0,0.0
-0.2566,-0.789272,0.827377,314.0,1.0,-0.823344,-0.474545,-0.473674,324.0,-0.491874,147.0,2.0
-0.252712,1.26699,-1.566107,86.0,0.0,0.946606,-0.474545,-0.473674,610.0,3.932723,147.0,0.0
-0.248825,1.26699,0.827377,572.0,0.0,-2.208522,-0.474545,2.008933,187.0,-0.331467,147.0,0.0
-0.244937,-0.789272,0.827377,811.0,1.0,0.177063,-0.474545,-0.473674,665.0,-0.488854,147.0,2.0
-0.241049,1.26699,-1.566107,373.0,0.0,0.407926,0.432793,-0.473674,43.0,0.398582,147.0,2.0
-0.237161,-0.789272,0.827377,665.0,1.0,-0.0,-0.474545,-0.473674,371.0,-0.489442,147.0,2.0
-0.233273,-0.789272,-0.369365,205.0,1.0,-0.900298,-0.474545,-0.473674,621.0,0.831478,147.0,2.0
-0.229385,-0.789272,0.827377,298.0,1.0,-2.208522,4.062148,2.008933,566.0,0.295895,147.0,2.0
-0.225497,1.26699,-0.369365,118.0,0.0,0.48488,-0.474545,-0.473674,220.0,-0.386671,147.0,2.0
-0.221609,-0.789272,0.827377,715.0,1.0,-0.0,-0.474545,-0.473674,447.0,-0.492797,147.0,1.0
-0.217721,1.26699,-0.369365,468.0,0.0,-0.977252,-0.474545,-0.473674,625.0,-0.406805,147.0,0.0
-0.213834,1.26699,-1.566107,144.0,1.0,0.48488,0.432793,2.008933,33.0,1.767741,47.0,2.0
-0.209946,1.26699,0.827377,393.0,1.0,-0.669435,-0.474545,-0.473674,401.0,-0.491456,147.0,2.0
-0.206058,-0.789272,0.827377,313.0,1.0,-0.130754,1.340132,-0.473674,246.0,-0.488854,147.0,2.0
-0.20217,1.26699,-1.566107,583.0,0.0,-0.515526,0.432793,-0.473674,416.0,1.632335,103.0,0.0
-0.198282,1.26699,0.827377,728.0,0.0,-0.438572,-0.474545,2.008933,616.0,-0.312172,145.0,2.0
-0.194394,-0.789272,0.827377,404.0,1.0,-0.592481,-0.474545,-0.473674,410.0,-0.491456,147.0,2.0
-0.190506,-0.789272,0.827377,613.0,0.0,0.100109,-0.474545,-0.473674,414.0,-0.49028,147.0,2.0
-0.186618,-0.789272,-0.369365,524.0,1.0,1.254424,-0.474545,-0.473674,226.0,-0.12492,147.0,2.0
-0.182731,-0.789272,-0.369365,623.0,1.0,-0.515526,-0.474545,-0.473674,146.0,-0.437007,147.0,2.0
-0.178843,1.26699,-0.369365,821.0,0.0,-0.130754,-0.474545,-0.473674,140.0,-0.393718,147.0,2.0
-0.174955,1.26699,0.827377,592.0,1.0,0.715743,-0.474545,-0.473674,663.0,-0.488854,147.0,2.0
-0.171067,-0.789272,0.827377,6.0,1.0,-0.284663,-0.474545,-0.473674,292.0,-0.486337,147.0,2.0
-0.167179,-0.789272,0.827377,418.0,0.0,-0.669435,0.432793,-0.473674,492.0,-0.450598,147.0,2.0
-0.163291,-0.789272,0.827377,318.0,1.0,-0.130754,0.432793,-0.473674,668.0,-0.329287,147.0,2.0
-0.159403,-0.789272,0.827377,616.0,0.0,-0.746389,-0.474545,-0.473674,267.0,-0.474005,147.0,2.0
-0.155515,-0.789272,-0.369365,274.0,1.0,0.330972,0.432793,-0.473674,230.0,-0.225593,147.0,2.0
-0.151627,-0.789272,0.827377,861.0,1.0,1.639196,-0.474545,-0.473674,321.0,-0.492378,147.0,2.0
-0.14774,1.26699,-0.369365,687.0,1.0,-2.054613,0.432793,0.76763,237.0,-0.270896,147.0,2.0
-0.143852,-0.789272,0.827377,88.0,1.0,-0.669435,-0.474545,-0.473674,255.0,-0.491874,147.0,2.0
-0.139964,-0.789272,0.827377,465.0,0.0,-0.0,2.24747,0.76763,488.0,-0.135658,147.0,2.0
-0.136076,-0.789272,0.827377,732.0,1.0,-0.0,-0.474545,-0.473674,367.0,-0.489442,147.0,2.0
-0.132188,-0.789272,0.827377,343.0,1.0,-0.0,-0.474545,-0.473674,487.0,-0.510332,147.0,1.0
-0.1283,1.26699,-1.566107,540.0,0.0,0.254017,0.432793,-0.473674,92.0,1.1637,78.0,1.0
-0.124412,-0.789272,-0.369365,191.0,1.0,-0.0,-0.474545,-0.473674,135.0,-0.648422,147.0,2.0
-0.120524,1.26699,0.827377,792.0,1.0,1.100515,-0.474545,-0.473674,655.0,-0.488854,147.0,2.0
-0.116636,-0.789272,0.827377,528.0,0.0,-0.0,-0.474545,-0.473674,295.0,-0.486337,147.0,2.0
-0.112749,1.26699,-0.369365,226.0,0.0,0.330972,0.432793,0.76763,224.0,0.005956,147.0,2.0
-0.108861,1.26699,-0.369365,742.0,0.0,-0.900298,-0.474545,2.008933,168.0,-0.386671,147.0,2.0
-0.104973,-0.789272,-0.369365,513.0,1.0,0.023154,-0.474545,-0.473674,225.0,-0.386671,147.0,2.0
-0.101085,-0.789272,0.827377,829.0,0.0,-1.515933,-0.474545,2.008933,307.0,-0.162169,147.0,2.0
-0.097197,-0.789272,0.827377,281.0,1.0,-0.0,-0.474545,-0.473674,392.0,-0.489442,147.0,0.0
-0.093309,-0.789272,0.827377,155.0,1.0,-0.669435,-0.474545,-0.473674,534.0,-0.492714,147.0,1.0
-0.089421,-0.789272,0.827377,884.0,1.0,-0.0538,-0.474545,-0.473674,259.0,-0.489861,147.0,2.0
-0.085533,-0.789272,0.827377,198.0,0.0,-0.130754,0.432793,0.76763,331.0,-0.358482,147.0,2.0
-0.081646,-0.789272,0.827377,701.0,1.0,-0.900298,0.432793,0.76763,458.0,-0.241449,147.0,2.0
-0.077758,-0.789272,0.827377,872.0,1.0,-0.0,-0.474545,-0.473674,521.0,-0.502445,147.0,2.0
-0.07387,1.26699,-0.369365,162.0,0.0,-0.130754,0.432793,-0.473674,100.0,-0.12492,147.0,2.0
-0.069982,1.26699,-0.369365,662.0,0.0,-0.823344,-0.474545,-0.473674,170.0,-0.12492,147.0,2.0
-0.066094,-0.789272,0.827377,249.0,1.0,-0.0,-0.474545,-0.473674,437.0,-0.492378,147.0,1.0
-0.062206,1.26699,0.827377,663.0,1.0,0.177063,-0.474545,-0.473674,644.0,-0.486337,115.0,2.0
-0.058318,1.26699,-1.566107,92.0,1.0,-0.130754,-0.474545,-0.473674,3.0,-0.113846,71.0,2.0
-0.05443,1.26699,0.827377,810.0,0.0,-0.0,0.432793,-0.473674,476.0,-0.324253,147.0,2.0
-0.050542,1.26699,-0.369365,491.0,0.0,0.946606,0.432793,-0.473674,627.0,-0.12492,147.0,2.0
-0.046655,-0.789272,0.827377,420.0,1.0,-0.977252,-0.474545,-0.473674,657.0,-0.504962,147.0,2.0
-0.042767,-0.789272,-1.566107,744.0,1.0,1.562241,0.432793,-0.473674,72.0,0.477107,128.0,2.0
-0.038879,1.26699,-1.566107,143.0,0.0,-1.208115,0.432793,2.008933,33.0,1.767741,47.0,2.0
-0.034991,-0.789272,0.827377,253.0,0.0,-0.669435,1.340132,2.008933,676.0,0.043708,147.0,2.0
-0.031103,1.26699,-0.369365,688.0,0.0,-0.438572,1.340132,3.250237,237.0,-0.270896,147.0,2.0
-0.027215,-0.789272,-1.566107,261.0,1.0,2.639602,0.432793,4.49154,95.0,4.647001,63.0,2.0
-0.023327,-0.789272,-0.369365,447.0,1.0,0.100109,-0.474545,-0.473674,547.0,-0.437007,147.0,2.0
-0.019439,1.26699,-0.369365,344.0,0.0,1.177469,0.432793,0.76763,571.0,-0.119886,147.0,2.0
-0.015552,-0.789272,0.827377,323.0,1.0,-0.746389,-0.474545,-0.473674,305.0,-0.457142,147.0,2.0
-0.011664,-0.789272,0.827377,659.0,1.0,-0.361618,0.432793,-0.473674,328.0,-0.491874,147.0,2.0
-0.007776,1.26699,-0.369365,679.0,0.0,-0.130754,-0.474545,-0.473674,116.0,-0.386671,147.0,2.0
-0.003888,1.26699,0.827377,402.0,1.0,-0.0,-0.474545,-0.473674,499.0,-0.485079,147.0,2.0
0.0,1.26699,-1.566107,216.0,1.0,-1.977659,-0.474545,2.008933,289.0,0.99977,10.0,2.0
0.003888,1.26699,-0.369365,529.0,0.0,-1.28507,-0.474545,0.76763,162.0,-0.255795,147.0,2.0
0.007776,1.26699,-1.566107,735.0,1.0,0.330972,-0.474545,-0.473674,45.0,-0.113846,147.0,2.0
0.011664,1.26699,0.827377,55.0,0.0,-1.900705,1.340132,0.76763,194.0,-0.260662,147.0,0.0
0.015552,1.26699,-1.566107,661.0,1.0,1.71615,-0.474545,-0.473674,40.0,-0.034314,50.0,2.0
0.019439,-0.789272,-0.369365,854.0,1.0,0.48488,0.432793,2.008933,561.0,-0.089684,147.0,2.0
0.023327,-0.789272,0.827377,316.0,1.0,-0.0,0.432793,-0.473674,497.0,-0.246398,147.0,2.0
0.027215,-0.789272,-1.566107,257.0,1.0,0.023154,-0.474545,-0.473674,22.0,-0.089684,53.0,0.0
0.031103,1.26699,-1.566107,290.0,1.0,1.485287,0.432793,-0.473674,84.0,1.145664,86.0,0.0
0.034991,-0.789272,0.827377,644.0,1.0,-0.0,-0.474545,-0.473674,528.0,-0.486337,147.0,2.0
0.038879,1.26699,0.827377,392.0,1.0,-0.0538,-0.474545,-0.473674,379.0,-0.489442,147.0,0.0
0.042767,-0.789272,-1.566107,537.0,1.0,2.716556,-0.474545,-0.473674,73.0,-0.113846,126.0,2.0
0.046655,1.26699,-1.566107,436.0,0.0,-0.0,0.432793,-0.473674,86.0,0.395814,97.0,2.0
0.050542,1.26699,-0.369365,815.0,0.0,1.562241,-0.474545,-0.473674,572.0,-0.437007,147.0,2.0
0.05443,-0.789272,0.827377,603.0,1.0,-0.0,-0.474545,-0.473674,468.0,-0.492378,147.0,1.0
0.058318,1.26699,-1.566107,21.0,1.0,1.408333,-0.474545,-0.473674,96.0,-0.113846,117.0,2.0
0.062206,-0.789272,0.827377,557.0,1.0,0.330972,-0.474545,-0.473674,429.0,-0.486337,147.0,2.0
0.066094,-0.789272,-1.566107,280.0,1.0,1.331378,-0.474545,-0.473674,6.0,0.126764,133.0,2.0
0.069982,-0.789272,-0.369365,538.0,1.0,1.408333,-0.474545,-0.473674,121.0,-0.386671,147.0,2.0
0.07387,-0.789272,0.827377,502.0,1.0,-0.0,-0.474545,-0.473674,539.0,-0.486337,147.0,2.0
0.077758,-0.789272,0.827377,296.0,1.0,0.638789,-0.474545,-0.473674,639.0,-0.506472,147.0,2.0
0.081646,-0.789272,-0.369365,132.0,1.0,-0.0,-0.474545,-0.473674,135.0,-0.648422,147.0,2.0
0.085533,-0.789272,-1.566107,766.0,1.0,2.023967,-0.474545,-0.473674,44.0,-0.113846,147.0,2.0
0.089421,-0.789272,0.827377,731.0,1.0,-0.0,-0.474545,-0.473674,421.0,-0.492881,147.0,1.0
0.093309,1.26699,0.827377,54.0,0.0,-2.227761,1.340132,0.76763,194.0,-0.260662,147.0,0.0
0.097197,-0.789272,0.827377,430.0,1.0,-0.0,-0.474545,-0.473674,272.0,-0.502445,147.0,2.0
0.101085,-0.789272,0.827377,124.0,1.0,0.638789,-0.474545,-0.473674,263.0,-0.474005,147.0,2.0
0.104973,1.26699,-0.369365,855.0,0.0,0.254017,0.432793,2.008933,561.0,-0.089684,147.0,2.0
0.108861,1.26699,-0.369365,401.0,0.0,-0.515526,-0.474545,-0.473674,628.0,-0.37073,90.0,0.0
0.112749,-0.789272,0.827377,787.0,0.0,-0.592481,-0.474545,-0.473674,509.0,-0.450347,147.0,2.0
0.116636,-0.789272,-1.566107,164.0,1.0,-0.0,-0.474545,-0.473674,2.0,0.398582,1.0,2.0
0.120524,-0.789272,-0.369365,676.0,1.0,0.330972,0.432793,-0.473674,252.0,-0.225593,147.0,2.0
0.124412,-0.789272,0.827377,107.0,1.0,-0.0538,0.432793,-0.473674,315.0,-0.506557,147.0,2.0
0.1283,-0.789272,0.827377,425.0,1.0,-0.592481,-0.474545,-0.473674,411.0,-0.496993,147.0,2.0
0.132188,1.26699,0.827377,365.0,0.0,-2.131568,-0.474545,0.76763,251.0,-0.401017,147.0,2.0
0.136076,-0.789272,0.827377,297.0,1.0,-1.592887,4.062148,2.008933,566.0,0.295895,147.0,2.0
0.139964,-0.789272,-0.369365,268.0,1.0,-0.0,-0.474545,-0.473674,136.0,-0.648422,147.0,2.0
0.143852,-0.789272,0.827377,706.0,1.0,1.562241,-0.474545,-0.473674,531.0,-0.486337,147.0,2.0
0.14774,1.26699,0.827377,825.0,0.0,2.562648,-0.474545,-0.473674,489.0,-0.45538,147.0,2.0
0.151627,1.26699,-1.566107,89.0,1.0,-0.361618,0.432793,-0.473674,64.0,1.18543,31.0,0.0
0.155515,-0.789272,0.827377,466.0,0.0,-0.0,2.24747,0.76763,488.0,-0.135658,147.0,2.0
0.159403,1.26699,-1.566107,381.0,0.0,0.407926,0.432793,-0.473674,93.0,1.1637,87.0,2.0
0.163291,-0.789272,-1.566107,435.0,1.0,2.177876,-0.474545,-0.473674,61.0,-0.050421,25.0,0.0
0.167179,-0.789272,0.827377,774.0,1.0,0.023154,-0.474545,-0.473674,517.0,-0.486337,147.0,2.0
0.171067,1.26699,0.827377,182.0,1.0,-1.592887,0.432793,0.76763,562.0,-0.32828,147.0,2.0
0.174955,-0.789272,0.827377,317.0,1.0,-0.0,0.432793,-0.473674,498.0,-0.246398,147.0,2.0
0.178843,-0.789272,0.827377,871.0,1.0,-0.669435,-0.474545,-0.473674,649.0,-0.502445,147.0,2.0
0.182731,-0.789272,-1.566107,547.0,1.0,1.947013,-0.474545,-0.473674,41.0,-0.034314,64.0,2.0
0.186618,-0.789272,-1.566107,39.0,1.0,3.178283,-0.474545,-0.473674,603.0,0.34833,147.0,0.0
0.190506,-0.789272,0.827377,781.0,1.0,-0.669435,-0.474545,-0.473674,518.0,-0.486337,147.0,2.0
0.194394,-0.789272,0.827377,880.0,1.0,-0.0,-0.474545,-0.473674,176.0,-0.357308,147.0,0.0
0.198282,1.26699,-1.566107,242.0,0.0,1.870059,0.432793,-0.473674,454.0,0.927454,96.0,0.0
0.20217,-0.789272,0.827377,738.0,1.0,-0.0,-0.474545,-0.473674,564.0,-0.344388,147.0,2.0
0.206058,-0.789272,-1.566107,18.0,0.0,-0.361618,0.432793,2.008933,37.0,2.40299,62.0,2.0
0.209946,-0.789272,0.827377,796.0,1.0,-0.438572,-0.474545,-0.473674,402.0,-0.491456,147.0,2.0
0.213834,-0.789272,0.827377,130.0,1.0,-0.977252,-0.474545,-0.473674,261.0,-0.474005,147.0,2.0
0.217721,-0.789272,0.827377,133.0,0.0,-0.669435,-0.474545,-0.473674,433.0,-0.492378,147.0,1.0
0.221609,-0.789272,0.827377,607.0,0.0,-0.0,-0.474545,-0.473674,276.0,-0.49481,147.0,1.0
0.225497,-0.789272,0.827377,450.0,0.0,0.561835,-0.474545,-0.473674,490.0,-0.45538,147.0,2.0
0.229385,1.26699,-1.566107,501.0,0.0,-1.054207,-0.474545,-0.473674,0.0,1.093229,42.0,2.0
0.233273,-0.789272,-1.566107,646.0,1.0,-0.900298,0.432793,-0.473674,611.0,1.544246,74.0,0.0
0.237161,1.26699,-0.369365,670.0,0.0,0.254017,-0.474545,2.008933,180.0,-0.12492,147.0,2.0
0.241049,1.26699,-1.566107,106.0,1.0,-0.0,-0.474545,-0.473674,10.0,-0.113846,147.0,2.0
0.244937,-0.789272,0.827377,610.0,1.0,-0.130754,-0.474545,-0.473674,542.0,-0.194888,147.0,2.0
0.248825,1.26699,0.827377,455.0,1.0,-0.284663,-0.474545,-0.473674,80.0,0.489104,147.0,2.0
0.252712,1.26699,0.827377,195.0,1.0,-0.0538,-0.474545,-0.473674,479.0,-0.492378,147.0,1.0
0.2566,-0.789272,0.827377,849.0,1.0,-0.0,-0.474545,-0.473674,648.0,-0.486337,147.0,2.0
0.260488,1.26699,-1.566107,521.0,1.0,0.48488,-0.474545,-0.473674,577.0,-0.119131,121.0,2.0
0.264376,1.26699,-1.566107,705.0,0.0,1.870059,0.432793,-0.473674,599.0,0.547579,147.0,0.0
0.268264,-0.789272,0.827377,168.0,1.0,-0.438572,-0.474545,-0.473674,356.0,-0.497496,147.0,2.0
0.272152,-0.789272,-1.566107,843.0,1.0,1.331378,-0.474545,-0.473674,456.0,0.036577,106.0,2.0
0.27604,1.26699,-0.369365,472.0,0.0,0.330972,-0.474545,-0.473674,560.0,-0.437007,142.0,2.0
0.279928,-0.789272,0.827377,709.0,1.0,-0.0,-0.474545,-0.473674,469.0,-0.162169,147.0,1.0
0.283815,1.26699,-0.369365,35.0,0.0,0.48488,0.432793,-0.473674,110.0,-0.12492,147.0,2.0
0.287703,-0.789272,0.827377,641.0,1.0,0.177063,-0.474545,-0.473674,381.0,-0.489442,147.0,2.0
0.291591,1.26699,-1.566107,651.0,0.0,0.023154,-0.474545,-0.473674,67.0,1.234172,39.0,2.0
0.295479,-0.789272,0.827377,841.0,1.0,-0.592481,-0.474545,-0.473674,390.0,-0.489442,147.0,2.0
0.299367,-0.789272,0.827377,448.0,1.0,-0.0,-0.474545,-0.473674,173.0,-0.502949,147.0,0.0
0.303255,1.26699,-1.566107,364.0,0.0,1.100515,-0.474545,0.76763,7.0,0.518971,17.0,0.0
0.307143,-0.789272,0.827377,427.0,1.0,-0.0,-0.474545,-0.473674,217.0,-0.502864,147.0,0.0
0.311031,-0.789272,0.827377,244.0,1.0,0.831175,-0.474545,-0.473674,446.0,-0.492378,147.0,1.0
0.314919,1.26699,-0.369365,689.0,0.0,1.562241,-0.474545,-0.473674,673.0,-0.437007,147.0,2.0
0.318806,-0.789272,-1.566107,245.0,1.0,-0.0,-0.474545,-0.473674,583.0,3.817033,88.0,2.0
0.322694,-0.789272,0.827377,725.0,1.0,0.715743,-0.474545,-0.473674,250.0,-0.488854,147.0,2.0
0.326582,-0.789272,-0.369365,366.0,1.0,-0.515526,1.340132,0.76763,235.0,-0.416873,147.0,2.0
0.33047,1.26699,-0.369365,669.0,0.0,-2.131568,0.432793,0.76763,180.0,-0.12492,147.0,2.0
0.334358,-0.789272,0.827377,818.0,1.0,-0.0,-0.474545,-0.473674,181.0,-0.502864,147.0,0.0
0.338246,-0.789272,0.827377,236.0,1.0,-0.977252,0.432793,0.76763,210.0,-0.502864,147.0,0.0
0.342134,1.26699,0.827377,654.0,0.0,-0.0,-0.474545,2.008933,196.0,-0.198244,147.0,0.0
0.346022,-0.789272,0.827377,123.0,0.0,0.023154,-0.474545,-0.473674,260.0,-0.474005,147.0,2.0
0.349909,1.26699,-0.369365,341.0,0.0,-1.746796,-0.474545,2.008933,571.0,-0.119886,147.0,2.0
0.353797,-0.789272,-1.566107,120.0,1.0,1.177469,-0.474545,-0.473674,21.0,-0.113846,26.0,2.0
0.357685,1.26699,-1.566107,461.0,0.0,0.023154,-0.474545,-0.473674,614.0,1.494412,147.0,0.0
0.361573,-0.789272,0.827377,692.0,1.0,-0.0,-0.474545,-0.473674,426.0,-0.356469,147.0,2.0
0.365461,1.26699,-1.566107,266.0,0.0,-0.592481,-0.474545,2.008933,75.0,0.348245,27.0,0.0
0.369349,1.26699,-1.566107,188.0,0.0,0.48488,-0.474545,2.008933,680.0,0.781141,20.0,2.0
0.373237,-0.789272,0.827377,26.0,0.0,-1.592887,3.154809,2.008933,333.0,-0.018709,147.0,2.0
0.377125,-0.789272,0.827377,27.0,0.0,-1.438978,3.154809,2.008933,333.0,-0.018709,147.0,2.0
0.381013,1.26699,-0.369365,73.0,1.0,0.177063,0.432793,-0.473674,233.0,-0.12492,147.0,2.0
0.3849,-0.789272,-1.566107,222.0,1.0,1.562241,0.432793,-0.473674,614.0,1.494412,82.0,0.0
0.388788,-0.789272,-1.566107,587.0,1.0,2.639602,-0.474545,-0.473674,501.0,-0.12492,147.0,2.0
0.392676,1.26699,-0.369365,74.0,0.0,-0.823344,0.432793,-0.473674,233.0,-0.12492,147.0,2.0
0.396564,1.26699,-0.369365,622.0,1.0,-0.0,-0.474545,-0.473674,631.0,-0.369305,147.0,0.0
0.400452,-0.789272,0.827377,294.0,1.0,0.254017,0.432793,0.76763,423.0,-0.235157,147.0,2.0
0.40434,1.26699,-0.369365,203.0,1.0,-1.669842,0.432793,0.76763,558.0,0.091528,147.0,2.0
0.408228,1.26699,-1.566107,804.0,1.0,-0.977252,-0.474545,2.008933,83.0,1.584179,77.0,0.0
0.412116,-0.789272,-0.369365,736.0,1.0,-0.207709,-0.474545,-0.473674,148.0,-0.12492,147.0,2.0
0.416003,-0.789272,0.827377,600.0,1.0,-0.0,-0.474545,-0.473674,284.0,-0.490783,147.0,1.0
0.419891,1.26699,0.827377,463.0,1.0,-0.592481,-0.474545,-0.473674,171.0,-0.502949,147.0,0.0
0.423779,1.26699,0.827377,609.0,0.0,-0.592481,-0.474545,-0.473674,335.0,-0.491874,147.0,2.0
0.427667,-0.789272,-1.566107,874.0,1.0,2.485693,-0.474545,-0.473674,52.0,-0.113846,147.0,2.0
0.431555,1.26699,-1.566107,228.0,0.0,1.408333,0.432793,-0.473674,57.0,0.148912,2.0,0.0
0.435443,-0.789272,-1.566107,693.0,1.0,-0.0,-0.474545,-0.473674,610.0,3.932723,147.0,0.0
0.439331,1.26699,-1.566107,800.0,0.0,0.715743,0.432793,0.76763,1.0,0.955306,134.0,2.0
0.443219,1.26699,0.827377,885.0,0.0,0.48488,0.432793,-0.473674,300.0,-0.298078,147.0,2.0
0.447107,-0.789272,0.827377,558.0,1.0,-0.0,-0.474545,-0.473674,471.0,-0.492378,147.0,1.0
0.450994,-0.789272,0.827377,751.0,1.0,0.792698,-0.474545,-0.473674,389.0,-0.489442,147.0,2.0
0.454882,-0.789272,-0.369365,593.0,1.0,-0.130754,-0.474545,-0.473674,103.0,-0.376603,147.0,2.0
0.45877,-0.789272,0.827377,746.0,1.0,-0.0,-0.474545,-0.473674,651.0,-0.486337,147.0,2.0
0.462658,-0.789272,0.827377,527.0,0.0,-0.0,-0.474545,-0.473674,645.0,-0.486337,147.0,2.0
0.466546,-0.789272,0.827377,204.0,1.0,-0.438572,1.340132,-0.473674,519.0,-0.162169,147.0,2.0
0.470434,-0.789272,0.827377,786.0,1.0,-0.823344,-0.474545,-0.473674,352.0,-0.489442,147.0,2.0
0.474322,-0.789272,0.827377,627.0,0.0,-0.0538,-0.474545,4.49154,395.0,-0.224083,147.0,2.0
0.47821,-0.789272,0.827377,217.0,1.0,-0.0,-0.474545,-0.473674,207.0,-0.502864,147.0,0.0
0.482097,1.26699,0.827377,416.0,1.0,0.177063,-0.474545,-0.473674,415.0,-0.49028,147.0,2.0
0.485985,1.26699,-0.369365,336.0,1.0,2.485693,-0.474545,-0.473674,624.0,-0.437007,147.0,2.0
0.489873,1.26699,-1.566107,36.0,0.0,1.793104,1.340132,-0.473674,60.0,0.388096,48.0,2.0
0.493761,1.26699,-1.566107,251.0,1.0,0.48488,-0.474545,-0.473674,578.0,-0.117118,121.0,2.0
0.497649,1.26699,0.827377,432.0,0.0,-0.0,-0.474545,-0.473674,77.0,-0.492378,147.0,1.0
0.501537,-0.789272,0.827377,708.0,1.0,-1.054207,-0.474545,-0.473674,520.0,-0.486337,147.0,2.0
0.505425,-0.789272,0.827377,639.0,1.0,-0.823344,-0.474545,-0.473674,420.0,-0.356469,147.0,2.0
0.509313,1.26699,-0.369365,277.0,0.0,0.330972,-0.474545,-0.473674,143.0,-0.386671,147.0,2.0
0.513201,1.26699,-1.566107,745.0,0.0,0.715743,0.432793,-0.473674,72.0,0.477107,128.0,2.0
0.517088,-0.789272,0.827377,135.0,0.0,-0.0,0.432793,-0.473674,209.0,-0.357308,147.0,0.0
0.520976,1.26699,0.827377,419.0,1.0,0.177063,-0.474545,-0.473674,661.0,-0.488854,147.0,2.0
0.524864,1.26699,-0.369365,160.0,0.0,-0.361618,0.432793,0.76763,133.0,-0.044381,147.0,2.0
0.528752,1.26699,-1.566107,805.0,0.0,0.715743,0.432793,0.76763,83.0,1.584179,75.0,0.0
0.53264,-0.789272,-0.369365,224.0,1.0,1.870059,-0.474545,-0.473674,226.0,-0.12492,147.0,2.0
0.536528,-0.789272,-1.566107,703.0,1.0,0.48488,-0.474545,-0.473674,68.0,0.159483,0.0,0.0
0.540416,-0.789272,0.827377,640.0,1.0,-0.0,-0.474545,-0.473674,291.0,-0.472998,147.0,0.0
0.544304,1.26699,-1.566107,798.0,0.0,-0.900298,-0.474545,2.008933,1.0,0.955306,135.0,2.0
0.548192,-0.789272,-0.369365,395.0,1.0,1.331378,-0.474545,-0.473674,129.0,-0.346401,147.0,2.0
0.552079,1.26699,-1.566107,267.0,1.0,2.331785,0.432793,0.76763,74.0,0.946246,29.0,0.0
0.555967,-0.789272,0.827377,284.0,1.0,-0.592481,-0.474545,-0.473674,79.0,-0.486337,147.0,2.0
0.559855,-0.789272,0.827377,566.0,1.0,-0.0,-0.474545,-0.473674,515.0,-0.486337,147.0,2.0
0.563743,-0.789272,0.827377,691.0,1.0,0.407926,-0.474545,-0.473674,656.0,-0.504962,147.0,2.0
0.567631,1.26699,-1.566107,783.0,0.0,1.71615,0.432793,-0.473674,454.0,0.927454,96.0,0.0
0.571519,-0.789272,0.827377,238.0,1.0,1.331378,-0.474545,-0.473674,532.0,-0.502445,147.0,2.0
0.575407,-0.789272,0.827377,100.0,0.0,-0.0,-0.474545,2.008933,434.0,-0.492378,147.0,1.0
0.579295,-0.789272,-0.369365,154.0,1.0,0.561835,0.432793,-0.473674,626.0,-0.12492,147.0,2.0
0.583182,-0.789272,0.827377,830.0,1.0,0.48488,0.432793,0.76763,307.0,-0.162169,147.0,2.0
0.58707,1.26699,-0.369365,470.0,0.0,-0.0,-0.474545,-0.473674,155.0,0.016023,147.0,2.0
0.590958,-0.789272,0.827377,409.0,1.0,1.485287,-0.474545,-0.473674,574.0,-0.648422,147.0,2.0
0.594846,-0.789272,0.827377,98.0,1.0,-0.0,-0.474545,-0.473674,192.0,-0.502949,147.0,0.0
0.598734,1.26699,-1.566107,229.0,1.0,1.485287,0.432793,-0.473674,584.0,0.49783,4.0,0.0
0.602622,1.26699,-0.369365,391.0,0.0,-0.438572,1.340132,0.76763,142.0,-0.104785,147.0,2.0
0.60651,-0.789272,0.827377,761.0,1.0,-0.0,-0.474545,-0.473674,360.0,-0.489442,147.0,2.0
0.610398,-0.789272,-1.566107,335.0,1.0,-0.0,-0.474545,-0.473674,46.0,0.205289,147.0,2.0
0.614286,-0.789272,0.827377,816.0,1.0,1.100515,-0.474545,-0.473674,430.0,-0.486337,147.0,2.0
0.618173,1.26699,-1.566107,374.0,1.0,0.407926,-0.474545,-0.473674,9.0,-0.113846,147.0,0.0
0.622061,-0.789272,0.827377,483.0,1.0,0.48488,0.432793,-0.473674,396.0,-0.335327,147.0,2.0
0.625949,-0.789272,0.827377,424.0,1.0,0.023154,-0.474545,-0.473674,385.0,-0.489442,147.0,2.0
0.629837,1.26699,-1.566107,199.0,1.0,-0.207709,-0.474545,-0.473674,50.0,-0.034314,147.0,2.0
0.633725,1.26699,-0.369365,458.0,0.0,-0.592481,0.432793,2.008933,634.0,0.188763,147.0,0.0
0.637613,1.26699,-1.566107,741.0,0.0,0.792698,-0.474545,-0.473674,588.0,2.441498,57.0,2.0
0.641501,-0.789272,0.827377,30.0,0.0,0.715743,0.432793,5.732844,333.0,-0.018709,147.0,2.0
0.645389,-0.789272,0.827377,394.0,1.0,-0.0,-0.474545,-0.473674,638.0,-0.506472,147.0,2.0
0.649276,1.26699,0.827377,568.0,0.0,-0.0,0.432793,-0.473674,444.0,-0.336334,147.0,1.0
0.653164,-0.789272,0.827377,377.0,1.0,-0.0,-0.474545,-0.473674,467.0,-0.492378,147.0,1.0
0.657052,-0.789272,0.827377,110.0,1.0,0.407926,-0.474545,-0.473674,431.0,-0.486337,147.0,2.0
0.66094,1.26699,-0.369365,357.0,0.0,-0.438572,0.432793,2.008933,106.0,0.660333,147.0,2.0
0.664828,-0.789272,0.827377,197.0,1.0,0.330972,0.432793,0.76763,331.0,-0.358482,147.0,2.0
0.668716,-0.789272,0.827377,488.0,0.0,-0.284663,0.432793,-0.473674,536.0,-0.324253,147.0,2.0
0.672604,1.26699,-0.369365,77.0,0.0,-1.977659,1.340132,0.76763,114.0,0.136831,144.0,2.0
0.676492,-0.789272,-0.369365,279.0,1.0,-0.284663,-0.474545,-0.473674,253.0,-0.437007,147.0,2.0
0.68038,-0.789272,0.827377,875.0,1.0,-0.207709,0.432793,-0.473674,188.0,-0.357391,147.0,0.0
0.684267,1.26699,-1.566107,439.0,1.0,0.946606,0.432793,-0.473674,56.0,0.409741,95.0,2.0
0.688155,1.26699,0.827377,573.0,1.0,-0.746389,0.432793,0.76763,187.0,-0.331467,147.0,0.0
0.692043,-0.789272,0.827377,327.0,1.0,-0.669435,-0.474545,-0.473674,400.0,-0.49028,147.0,2.0
0.695931,-0.789272,0.827377,103.0,1.0,-0.669435,-0.474545,-0.473674,495.0,-0.324253,147.0,2.0
0.699819,-0.789272,-1.566107,794.0,1.0,2.408739,-0.474545,-0.473674,455.0,0.002348,110.0,2.0
0.703707,-0.789272,-0.369365,442.0,1.0,2.100922,-0.474545,-0.473674,104.0,-0.399758,147.0,1.0
0.707595,1.26699,-1.566107,490.0,0.0,-0.669435,-0.474545,-0.473674,71.0,0.921244,114.0,2.0
0.711483,-0.789272,0.827377,96.0,1.0,-0.284663,-0.474545,-0.473674,369.0,-0.489442,147.0,2.0
0.71537,-0.789272,0.827377,602.0,1.0,-0.0,-0.474545,-0.473674,286.0,-0.492714,147.0,1.0
0.719258,1.26699,-1.566107,66.0,1.0,3.870872,-0.474545,-0.473674,218.0,-0.044381,5.0,2.0
0.723146,-0.789272,0.827377,494.0,1.0,1.639196,-0.474545,-0.473674,345.0,-0.506388,147.0,2.0
0.727034,1.26699,-1.566107,777.0,1.0,0.177063,-0.474545,-0.473674,70.0,-0.034314,33.0,0.0
0.730922,-0.789272,-1.566107,635.0,1.0,-0.0,-0.474545,-0.473674,13.0,-0.648422,147.0,2.0
0.73481,-0.789272,0.827377,757.0,0.0,-1.592887,2.24747,2.008933,337.0,-0.086664,147.0,2.0
0.738698,1.26699,-0.369365,206.0,0.0,-0.130754,-0.474545,-0.473674,130.0,-0.386671,147.0,2.0
0.742586,-0.789272,0.827377,469.0,1.0,0.177063,-0.474545,-0.473674,664.0,-0.488854,147.0,2.0
0.746474,-0.789272,-0.369365,173.0,1.0,0.100109,0.432793,0.76763,556.0,-0.119886,147.0,2.0
0.750361,-0.789272,0.827377,633.0,0.0,0.869652,-0.474545,5.732844,249.0,0.150674,147.0,2.0
0.754249,-0.789272,0.827377,809.0,1.0,-0.0,0.432793,-0.473674,476.0,-0.324253,147.0,2.0
0.758137,-0.789272,0.827377,397.0,1.0,-0.746389,-0.474545,-0.473674,409.0,-0.49028,147.0,2.0
0.762025,1.26699,-1.566107,723.0,0.0,-0.438572,-0.474545,-0.473674,581.0,0.746912,24.0,0.0
0.765913,-0.789272,0.827377,758.0,0.0,-2.131568,2.24747,2.008933,337.0,-0.086664,147.0,2.0
0.769801,1.26699,0.827377,252.0,1.0,-0.0,-0.474545,-0.473674,80.0,0.489104,147.0,2.0
0.773689,1.26699,0.827377,53.0,0.0,-2.227761,1.340132,0.76763,194.0,-0.260662,147.0,0.0
0.777577,1.26699,-1.566107,332.0,1.0,1.408333,0.432793,-0.473674,587.0,0.896497,101.0,0.0
0.781464,-0.789272,0.827377,180.0,1.0,-0.823344,-0.474545,-0.473674,373.0,-0.489442,147.0,2.0
0.785352,1.26699,-1.566107,747.0,1.0,2.023967,-0.474545,-0.473674,69.0,0.06636,7.0,0.0
0.78924,-0.789272,0.827377,865.0,1.0,-0.0,-0.474545,-0.473674,620.0,-0.496405,147.0,2.0
0.793128,1.26699,0.827377,780.0,0.0,-0.515526,-0.474545,-0.473674,567.0,-0.496405,147.0,2.0
0.797016,-0.789272,0.827377,544.0,1.0,-0.0,-0.474545,-0.473674,366.0,-0.489442,147.0,2.0
0.800904,1.26699,-0.369365,218.0,0.0,-0.900298,-0.474545,0.76763,117.0,-0.185324,147.0,2.0
0.804792,-0.789272,0.827377,421.0,1.0,-0.669435,-0.474545,-0.473674,512.0,-0.47862,147.0,2.0
0.80868,1.26699,0.827377,606.0,0.0,-0.0,-0.474545,-0.473674,277.0,-0.490783,147.0,1.0
0.812568,-0.789272,0.827377,352.0,0.0,-0.900298,-0.474545,-0.473674,439.0,-0.512513,147.0,1.0
0.816455,-0.789272,-0.369365,360.0,1.0,-0.438572,1.340132,-0.473674,621.0,0.831478,147.0,2.0
0.820343,-0.789272,0.827377,671.0,1.0,-0.0,-0.474545,-0.473674,368.0,-0.489442,147.0,2.0
0.824231,-0.789272,0.827377,102.0,0.0,0.177063,0.432793,0.76763,435.0,-0.336334,147.0,1.0
0.828119,-0.789272,-0.369365,232.0,1.0,-0.515526,-0.474545,-0.473674,241.0,-0.386671,147.0,2.0
0.832007,-0.789272,-1.566107,584.0,1.0,2.177876,-0.474545,2.008933,416.0,1.632335,108.0,0.0
0.835895,1.26699,-1.566107,264.0,1.0,1.562241,1.340132,-0.473674,605.0,2.042579,147.0,2.0
0.839783,-0.789272,0.827377,57.0,1.0,0.792698,-0.474545,-0.473674,172.0,-0.502949,147.0,0.0
0.843671,-0.789272,-1.566107,171.0,1.0,1.331378,-0.474545,-0.473674,496.0,-0.133225,132.0,2.0
0.847559,-0.789272,0.827377,167.0,1.0,0.48488,-0.474545,-0.473674,357.0,-0.497496,147.0,2.0
0.851446,1.26699,0.827377,484.0,1.0,-0.746389,0.432793,-0.473674,660.0,-0.488854,147.0,2.0
0.855334,-0.789272,-0.369365,361.0,1.0,0.177063,1.340132,-0.473674,621.0,0.831478,147.0,2.0
0.859222,-0.789272,-0.369365,119.0,1.0,-0.361618,-0.474545,-0.473674,123.0,-0.386671,147.0,2.0
0.86311,-0.789272,0.827377,699.0,1.0,-0.0,-0.474545,-0.473674,256.0,-0.491874,147.0,2.0
0.866998,-0.789272,0.827377,179.0,1.0,1.023561,-0.474545,-0.473674,529.0,-0.486337,147.0,2.0
0.870886,1.26699,-1.566107,802.0,0.0,-0.0,0.432793,-0.473674,99.0,0.398582,58.0,2.0
0.874774,1.26699,-0.369365,114.0,0.0,0.792698,0.432793,0.76763,240.0,0.136831,147.0,2.0
0.878662,-0.789272,-1.566107,202.0,1.0,0.100109,0.432793,-0.473674,569.0,0.398582,38.0,2.0
0.882549,-0.789272,-0.369365,543.0,1.0,3.101328,-0.474545,-0.473674,550.0,-0.437007,147.0,2.0
0.886437,1.26699,-0.369365,864.0,1.0,0.100109,-0.474545,-0.473674,145.0,-0.386671,147.0,2.0
0.890325,-0.789272,-0.369365,846.0,1.0,-0.0,-0.474545,-0.473674,138.0,-0.648422,147.0,2.0
0.894213,-0.789272,0.827377,231.0,1.0,-0.900298,-0.474545,-0.473674,397.0,-0.491874,147.0,2.0
0.898101,-0.789272,0.827377,730.0,1.0,-0.400095,-0.474545,-0.473674,294.0,-0.486337,147.0,2.0
0.901989,1.26699,0.827377,824.0,0.0,-0.900298,-0.474545,-0.473674,493.0,-0.450262,147.0,2.0
0.905877,-0.789272,0.827377,302.0,0.0,1.023561,0.432793,6.974147,566.0,0.295895,147.0,2.0
0.909765,1.26699,-1.566107,137.0,1.0,0.48488,-0.474545,0.76763,608.0,9.667167,34.0,0.0
0.913653,-0.789272,0.827377,655.0,0.0,-0.0,-0.474545,-0.473674,281.0,-0.484576,147.0,1.0
0.91754,1.26699,-1.566107,345.0,1.0,-0.207709,-0.474545,-0.473674,587.0,0.896497,109.0,0.0
0.921428,-0.789272,0.827377,615.0,1.0,-0.746389,-0.474545,-0.473674,500.0,-0.462679,147.0,2.0
0.925316,-0.789272,0.827377,301.0,1.0,-1.208115,4.062148,2.008933,566.0,0.295895,147.0,2.0
0.929204,-0.789272,-0.369365,112.0,1.0,2.331785,0.432793,0.76763,240.0,0.136831,147.0,2.0
0.933092,-0.789272,-0.369365,457.0,1.0,-0.361618,0.432793,2.008933,634.0,0.188763,147.0,0.0
0.93698,-0.789272,0.827377,632.0,1.0,-1.208115,3.154809,0.76763,249.0,0.150674,147.0,2.0
0.940868,-0.789272,0.827377,194.0,1.0,-0.823344,-0.474545,-0.473674,372.0,-0.443636,147.0,2.0
0.944756,-0.789272,0.827377,247.0,1.0,-0.900298,-0.474545,-0.473674,403.0,-0.491456,147.0,2.0
0.948643,1.26699,-1.566107,498.0,0.0,-1.131161,-0.474545,0.76763,141.0,3.606793,32.0,2.0
0.952531,1.26699,-1.566107,213.0,1.0,0.100109,0.432793,-0.473674,89.0,0.499256,19.0,2.0
0.956419,1.26699,0.827377,426.0,0.0,-1.977659,-0.474545,0.76763,393.0,-0.378281,147.0,0.0
0.960307,1.26699,0.827377,452.0,1.0,-0.0,-0.474545,-0.473674,80.0,0.489104,147.0,2.0
0.964195,-0.789272,0.827377,713.0,1.0,-0.361618,-0.474545,-0.473674,200.0,-0.502949,147.0,0.0
0.968083,-0.789272,-1.566107,850.0,1.0,2.331785,-0.474545,-0.473674,48.0,-0.113846,147.0,2.0
0.971971,-0.789272,-0.369365,153.0,1.0,1.71615,-0.474545,-0.473674,156.0,-0.376603,147.0,2.0
0.975859,-0.789272,0.827377,433.0,1.0,1.100515,-0.474545,-0.473674,425.0,-0.486337,147.0,2.0
0.979747,1.26699,0.827377,565.0,0.0,-0.0,-0.474545,-0.473674,419.0,-0.492714,147.0,1.0
0.983634,-0.789272,-1.566107,803.0,1.0,1.485287,0.432793,0.76763,83.0,1.584179,75.0,0.0
0.987522,-0.789272,0.827377,382.0,1.0,0.946606,-0.474545,-0.473674,346.0,-0.494391,139.0,2.0
0.99141,1.26699,-1.566107,45.0,0.0,-0.900298,0.432793,-0.473674,610.0,3.932723,73.0,0.0
0.995298,1.26699,-1.566107,743.0,1.0,0.407926,-0.474545,-0.473674,579.0,-0.119131,120.0,2.0
0.999186,-0.789272,0.827377,63.0,0.0,-0.900298,-0.474545,0.76763,211.0,-0.357391,147.0,0.0
1.003074,-0.789272,0.827377,275.0,1.0,-0.361618,-0.474545,-0.473674,449.0,-0.492545,147.0,1.0
1.006962,-0.789272,0.827377,326.0,1.0,-0.284663,0.432793,-0.473674,398.0,-0.49028,147.0,2.0
1.01085,-0.789272,-0.369365,556.0,1.0,0.715743,-0.474545,-0.473674,170.0,-0.12492,147.0,2.0
1.014737,1.26699,-0.369365,434.0,0.0,1.177469,-0.474545,-0.473674,108.0,-0.376603,147.0,2.0
1.018625,1.26699,-1.566107,126.0,1.0,0.946606,-0.474545,-0.473674,580.0,-0.119131,120.0,2.0
1.022513,1.26699,-1.566107,163.0,0.0,-0.592481,-0.474545,-0.473674,37.0,2.40299,147.0,2.0
1.026401,1.26699,0.827377,561.0,1.0,-0.0,0.432793,0.76763,189.0,-0.341452,147.0,0.0
1.030289,1.26699,-1.566107,514.0,0.0,-0.438572,-0.474545,-0.473674,582.0,0.34833,84.0,0.0
1.034177,-0.789272,-1.566107,443.0,1.0,-0.0,-0.474545,-0.473674,19.0,-0.113846,56.0,2.0
1.038065,1.26699,-1.566107,801.0,1.0,1.408333,0.432793,-0.473674,99.0,0.398582,58.0,2.0
1.041953,-0.789272,0.827377,459.0,1.0,-0.0538,-0.474545,-0.473674,506.0,-0.457478,147.0,2.0
1.045841,-0.789272,-0.369365,307.0,1.0,1.71615,-0.474545,-0.473674,164.0,-0.386671,147.0,2.0
1.049728,-0.789272,0.827377,773.0,1.0,-0.823344,-0.474545,-0.473674,348.0,-0.494391,140.0,2.0
1.053616,1.26699,-1.566107,241.0,0.0,0.638789,-0.474545,-0.473674,610.0,3.932723,66.0,0.0
1.057504,1.26699,-0.369365,822.0,0.0,-0.207709,-0.474545,-0.473674,293.0,-0.437007,116.0,2.0
1.061392,-0.789272,0.827377,520.0,1.0,-0.0,-0.474545,-0.473674,440.0,-0.336334,147.0,1.0
1.06528,-0.789272,0.827377,410.0,1.0,0.254017,-0.474545,-0.473674,319.0,-0.491874,147.0,2.0
1.069168,1.26699,-0.369365,331.0,0.0,-1.82375,-0.474545,0.76763,155.0,0.016023,147.0,2.0
1.073056,-0.789272,0.827377,399.0,1.0,-0.977252,0.432793,-0.473674,408.0,-0.506388,147.0,2.0
1.076944,-0.789272,-0.369365,286.0,1.0,0.330972,-0.474545,-0.473674,65.0,-0.386671,147.0,2.0
1.080831,-0.789272,-0.369365,368.0,1.0,1.562241,-0.474545,-0.473674,161.0,-0.386671,147.0,2.0
1.084719,1.26699,-1.566107,151.0,1.0,-0.207709,0.432793,-0.473674,51.0,0.42073,137.0,2.0
1.088607,-0.789272,0.827377,617.0,1.0,-0.746389,-0.474545,-0.473674,266.0,-0.474005,147.0,2.0
1.092495,1.26699,-0.369365,677.0,0.0,0.023154,2.24747,-0.473674,252.0,-0.225593,147.0,2.0
1.096383,1.26699,0.827377,507.0,0.0,-0.0,-0.474545,-0.473674,451.0,-0.49263,147.0,1.0
1.100271,-0.789272,-0.369365,115.0,1.0,-0.361618,0.432793,-0.473674,127.0,-0.12492,147.0,2.0
1.104159,-0.789272,0.827377,387.0,0.0,-0.361618,0.432793,-0.473674,667.0,-0.488854,147.0,2.0
1.108047,1.26699,-1.566107,14.0,0.0,-0.0538,-0.474545,-0.473674,141.0,3.606793,32.0,2.0
1.111935,-0.789272,0.827377,346.0,1.0,-1.438978,-0.474545,-0.473674,216.0,-0.270141,147.0,0.0
1.115822,-0.789272,-0.369365,445.0,1.0,-0.0,-0.474545,-0.473674,137.0,-0.648422,147.0,2.0
1.11971,-0.789272,-0.369365,84.0,1.0,-0.515526,-0.474545,-0.473674,228.0,-0.386671,147.0,2.0
1.123598,-0.789272,-0.369365,820.0,1.0,-0.515526,-0.474545,-0.473674,119.0,-0.386671,147.0,2.0
1.127486,-0.789272,0.827377,869.0,1.0,-0.092277,-0.474545,-0.473674,495.0,-0.324253,147.0,2.0
1.131374,-0.789272,0.827377,256.0,0.0,1.408333,0.432793,3.250237,676.0,0.043708,147.0,2.0
1.135262,1.26699,-1.566107,476.0,1.0,0.407926,-0.474545,-0.473674,608.0,9.667167,15.0,0.0
1.13915,-0.789272,0.827377,389.0,1.0,-0.0,-0.474545,-0.473674,349.0,-0.489442,147.0,2.0
1.143038,-0.789272,0.827377,574.0,1.0,-0.0,-0.474545,-0.473674,364.0,-0.489442,147.0,2.0
1.146925,1.26699,-1.566107,347.0,1.0,-0.0,-0.474545,-0.473674,82.0,-0.044381,105.0,2.0
1.150813,-0.789272,-1.566107,148.0,1.0,0.48488,0.432793,-0.473674,91.0,0.939198,67.0,2.0
1.154701,1.26699,-1.566107,711.0,0.0,-0.669435,1.340132,2.008933,602.0,4.634417,35.0,0.0
1.158589,-0.789272,0.827377,526.0,1.0,-0.438572,0.432793,-0.473674,477.0,-0.324253,147.0,2.0
1.162477,1.26699,0.827377,788.0,1.0,0.100109,-0.474545,-0.473674,662.0,-0.488854,147.0,2.0
1.166365,-0.789272,-1.566107,187.0,1.0,3.101328,0.432793,0.76763,680.0,0.781141,20.0,2.0
1.170253,-0.789272,0.827377,1.0,1.0,-1.054207,0.432793,0.76763,551.0,-0.240694,147.0,2.0
1.174141,1.26699,-0.369365,748.0,0.0,0.023154,-0.474545,-0.473674,165.0,-0.386671,147.0,2.0
1.178029,-0.789272,-1.566107,511.0,1.0,-0.823344,0.432793,-0.473674,35.0,0.42073,100.0,2.0
1.181916,-0.789272,0.827377,176.0,1.0,0.100109,-0.474545,-0.473674,287.0,-0.492378,147.0,1.0
1.185804,1.26699,-0.369365,852.0,0.0,-1.977659,0.432793,0.76763,234.0,-0.185324,147.0,2.0
1.189692,1.26699,0.827377,549.0,1.0,-1.82375,-0.474545,0.76763,486.0,-0.397241,118.0,2.0
1.19358,-0.789272,0.827377,833.0,1.0,0.254017,-0.474545,-0.473674,312.0,-0.457142,147.0,2.0
1.197468,-0.789272,0.827377,415.0,1.0,-0.515526,-0.474545,-0.473674,351.0,-0.489442,147.0,2.0
1.201356,1.26699,-0.369365,358.0,0.0,1.408333,0.432793,2.008933,106.0,0.660333,147.0,2.0
1.205244,1.26699,-0.369365,321.0,1.0,-2.233917,0.432793,0.76763,166.0,-0.356469,147.0,2.0
1.209132,-0.789272,0.827377,138.0,1.0,-0.130754,-0.474545,-0.473674,404.0,-0.491456,147.0,2.0
1.21302,-0.789272,-0.369365,58.0,1.0,-0.900298,-0.474545,-0.473674,238.0,-0.416873,147.0,2.0
1.216907,-0.789272,0.827377,806.0,1.0,0.330972,-0.474545,-0.473674,424.0,-0.486337,147.0,2.0
1.220795,1.26699,-1.566107,704.0,0.0,0.254017,-0.474545,-0.473674,0.0,1.093229,40.0,2.0
1.224683,-0.789272,0.827377,276.0,1.0,-0.0,-0.474545,-0.473674,420.0,-0.356469,147.0,2.0
1.228571,-0.789272,0.827377,591.0,1.0,0.869652,-0.474545,-0.473674,646.0,-0.504962,147.0,2.0
1.232459,1.26699,0.827377,62.0,1.0,-0.746389,-0.474545,-0.473674,191.0,-0.502864,147.0,0.0
1.236347,1.26699,-1.566107,146.0,0.0,0.48488,0.432793,2.008933,33.0,1.767741,47.0,2.0
1.240235,-0.789272,0.827377,233.0,1.0,-1.054207,-0.474545,-0.473674,327.0,-0.491874,147.0,2.0
1.244123,1.26699,-1.566107,369.0,0.0,1.639196,0.432793,-0.473674,71.0,0.921244,92.0,2.0
1.24801,-0.789272,-1.566107,109.0,1.0,-0.0,-0.474545,-0.473674,18.0,0.148912,147.0,0.0
1.251898,-0.789272,0.827377,506.0,0.0,0.061631,-0.474545,-0.473674,436.0,-0.492378,147.0,1.0
1.255786,-0.789272,0.827377,553.0,1.0,-0.0,0.432793,-0.473674,469.0,-0.162169,147.0,1.0
1.259674,-0.789272,0.827377,309.0,1.0,0.177063,-0.474545,-0.473674,511.0,-0.480045,147.0,2.0
1.263562,-0.789272,0.827377,480.0,1.0,-0.438572,-0.474545,-0.473674,313.0,-0.457142,147.0,2.0
1.26745,-0.789272,0.827377,398.0,1.0,1.408333,-0.474545,-0.473674,407.0,-0.49028,147.0,2.0
1.271338,-0.789272,-0.369365,496.0,0.0,2.100922,-0.474545,-0.473674,619.0,-0.437007,136.0,2.0
1.275226,-0.789272,0.827377,235.0,1.0,-0.0,-0.474545,-0.473674,201.0,-0.502949,147.0,0.0
1.279114,1.26699,-0.369365,367.0,0.0,1.870059,0.432793,3.250237,236.0,-0.185324,147.0,2.0
1.283001,-0.789272,0.827377,569.0,1.0,-0.900298,-0.474545,-0.473674,330.0,-0.492378,147.0,2.0
1.286889,-0.789272,0.827377,812.0,1.0,-0.0,-0.474545,-0.473674,481.0,-0.492378,143.0,1.0
1.290777,1.26699,0.827377,239.0,0.0,-1.900705,-0.474545,-0.473674,432.0,-0.397241,147.0,2.0
1.294665,-0.789272,0.827377,438.0,1.0,-0.0,-0.474545,-0.473674,450.0,-0.49263,147.0,1.0
1.298553,1.26699,-1.566107,694.0,0.0,1.023561,-0.474545,0.76763,141.0,3.606793,22.0,2.0
1.302441,1.26699,0.827377,50.0,0.0,-1.28507,-0.474545,-0.473674,208.0,-0.502864,147.0,0.0
1.306329,1.26699,-1.566107,214.0,0.0,-0.977252,0.432793,-0.473674,89.0,0.499256,19.0,2.0
1.310217,-0.789272,-1.566107,489.0,1.0,-0.0538,-0.474545,-0.473674,26.0,-0.044381,112.0,2.0
1.314104,-0.789272,0.827377,414.0,1.0,-0.0,0.432793,2.008933,675.0,-0.176263,147.0,2.0
1.317992,-0.789272,0.827377,13.0,1.0,-0.361618,-0.474545,-0.473674,643.0,-0.506472,147.0,2.0
1.32188,-0.789272,0.827377,330.0,1.0,-0.361618,-0.474545,-0.473674,474.0,-0.502445,147.0,2.0
1.325768,1.26699,0.827377,753.0,0.0,-0.900298,-0.474545,-0.473674,243.0,-0.497496,147.0,2.0
1.329656,-0.789272,0.827377,683.0,1.0,-1.669842,3.154809,0.76763,480.0,-0.061999,147.0,1.0
1.333544,1.26699,0.827377,208.0,1.0,-2.208522,0.432793,2.008933,548.0,-0.23415,147.0,2.0
1.337432,-0.789272,-1.566107,310.0,1.0,1.254424,-0.474545,-0.473674,592.0,0.946246,44.0,0.0
1.34132,-0.789272,0.827377,429.0,1.0,-0.0,-0.474545,-0.473674,66.0,-0.492378,147.0,1.0
1.345208,-0.789272,-0.369365,278.0,1.0,-1.054207,-0.474545,-0.473674,139.0,-0.12492,147.0,2.0
1.349095,-0.789272,0.827377,719.0,0.0,-0.0,6.784163,2.008933,568.0,0.751946,147.0,2.0
1.352983,-0.789272,-1.566107,380.0,1.0,-0.0,-0.474545,-0.473674,597.0,-0.030371,147.0,0.0
1.356871,-0.789272,0.827377,201.0,1.0,-0.361618,-0.474545,-0.473674,350.0,-0.489442,147.0,2.0
1.360759,-0.789272,-0.369365,621.0,1.0,0.715743,-0.474545,-0.473674,223.0,-0.386671,147.0,2.0
1.364647,1.26699,-1.566107,462.0,0.0,1.485287,-0.474545,-0.473674,87.0,-0.126345,94.0,2.0
1.368535,1.26699,0.827377,619.0,0.0,0.100109,-0.474545,-0.473674,383.0,-0.473586,147.0,2.0
1.372423,-0.789272,0.827377,384.0,1.0,0.023154,-0.474545,-0.473674,206.0,-0.502864,147.0,0.0
1.376311,-0.789272,0.827377,831.0,0.0,0.023154,0.432793,0.76763,307.0,-0.162169,147.0,2.0
1.380198,-0.789272,-0.369365,666.0,1.0,0.330972,-0.474545,-0.473674,164.0,-0.386671,147.0,2.0
1.384086,1.26699,-0.369365,174.0,0.0,0.100109,0.432793,0.76763,556.0,-0.119886,147.0,2.0
1.387974,1.26699,-1.566107,142.0,1.0,-1.438978,0.432793,2.008933,33.0,1.767741,47.0,2.0
1.391862,1.26699,0.827377,807.0,1.0,-2.253155,-0.474545,0.76763,174.0,-0.476941,147.0,0.0
1.39575,1.26699,0.827377,351.0,1.0,-0.207709,-0.474545,-0.473674,338.0,-0.507982,147.0,2.0
1.399638,-0.789272,0.827377,406.0,1.0,0.100109,-0.474545,-0.473674,320.0,-0.491874,147.0,2.0
1.403526,-0.789272,-1.566107,34.0,1.0,0.715743,-0.474545,-0.473674,12.0,-0.648422,11.0,2.0
1.407414,-0.789272,0.827377,660.0,0.0,-0.900298,-0.474545,-0.473674,336.0,-0.491874,147.0,2.0
1.411302,-0.789272,-0.369365,534.0,1.0,0.715743,-0.474545,-0.473674,154.0,-0.386671,147.0,2.0
1.415189,1.26699,-1.566107,152.0,0.0,0.254017,0.432793,-0.473674,51.0,0.42073,137.0,2.0
1.419077,-0.789272,0.827377,10.0,1.0,-0.284663,-0.474545,-0.473674,339.0,-0.489609,147.0,2.0
1.422965,-0.789272,0.827377,475.0,1.0,0.715743,-0.474545,-0.473674,519.0,-0.162169,147.0,2.0
1.426853,-0.789272,-0.369365,763.0,1.0,0.407926,-0.474545,-0.473674,222.0,-0.437007,147.0,2.0
1.430741,-0.789272,0.827377,23.0,0.0,-1.82375,3.154809,2.008933,333.0,-0.018709,147.0,2.0
1.434629,-0.789272,0.827377,814.0,1.0,0.061631,-0.474545,-0.473674,427.0,-0.486337,147.0,2.0
1.438517,-0.789272,-1.566107,269.0,1.0,-0.0,-0.474545,-0.473674,15.0,-0.648422,16.0,2.0
1.442405,-0.789272,0.827377,354.0,0.0,-0.515526,-0.474545,-0.473674,671.0,-0.488854,147.0,2.0
1.446292,-0.789272,-0.369365,504.0,1.0,0.100109,0.432793,0.76763,618.0,0.096646,147.0,0.0
1.45018,-0.789272,0.827377,371.0,1.0,1.023561,-0.474545,-0.473674,543.0,-0.518553,147.0,2.0
1.454068,-0.789272,0.827377,756.0,1.0,-1.515933,2.24747,2.008933,337.0,-0.086664,147.0,2.0
1.457956,1.26699,-1.566107,349.0,0.0,1.71615,0.432793,0.76763,67.0,1.234172,37.0,2.0
1.461844,1.26699,0.827377,493.0,1.0,-0.207709,-0.474545,-0.473674,269.0,-0.474005,147.0,2.0
1.465732,-0.789272,-1.566107,678.0,1.0,0.638789,-0.474545,-0.473674,97.0,-0.648422,147.0,2.0
1.46962,1.26699,0.827377,550.0,0.0,-0.207709,-0.474545,0.76763,486.0,-0.397241,118.0,2.0
1.473508,-0.789272,0.827377,630.0,1.0,-2.131568,3.154809,0.76763,249.0,0.150674,147.0,2.0
1.477396,-0.789272,0.827377,250.0,1.0,-0.0,-0.474545,-0.473674,448.0,-0.508486,147.0,1.0
1.481283,-0.789272,0.827377,453.0,1.0,-0.0,-0.474545,-0.473674,80.0,0.489104,147.0,2.0
1.485171,1.26699,-0.369365,503.0,1.0,-2.208522,-0.474545,2.008933,618.0,0.096646,147.0,0.0
1.489059,1.26699,0.827377,516.0,1.0,-0.0,-0.474545,-0.473674,442.0,-0.492378,147.0,1.0
1.492947,1.26699,-1.566107,785.0,0.0,2.485693,-0.474545,-0.473674,32.0,0.962353,21.0,3.0
1.496835,1.26699,0.827377,876.0,0.0,-1.131161,0.432793,-0.473674,188.0,-0.357391,147.0,0.0
1.500723,1.26699,-0.369365,686.0,1.0,-2.221604,0.432793,0.76763,237.0,-0.270896,147.0,2.0
1.504611,-0.789272,0.827377,712.0,1.0,-0.0,-0.474545,-0.473674,199.0,-0.502864,147.0,0.0
1.508499,-0.789272,0.827377,49.0,1.0,-0.515526,-0.474545,-0.473674,342.0,-0.49028,147.0,2.0
1.512387,-0.789272,0.827377,19.0,1.0,-0.900298,-0.474545,-0.473674,107.0,-0.481304,147.0,2.0
1.516274,1.26699,-1.566107,175.0,0.0,0.715743,0.432793,0.76763,609.0,1.025945,130.0,0.0
1.520162,-0.789272,0.827377,638.0,1.0,-0.669435,-0.474545,-0.473674,268.0,-0.474005,147.0,2.0
1.52405,-0.789272,0.827377,750.0,1.0,-0.0,-0.474545,-0.473674,485.0,-0.486337,147.0,2.0
1.527938,1.26699,0.827377,158.0,1.0,0.177063,-0.474545,-0.473674,80.0,0.489104,147.0,2.0
1.531826,1.26699,-1.566107,508.0,1.0,-0.0,-0.474545,-0.473674,62.0,-0.050421,68.0,0.0
1.535714,-0.789272,0.827377,11.0,1.0,-0.746389,-0.474545,-0.473674,647.0,-0.488854,147.0,2.0
1.539602,-0.789272,-0.369365,564.0,1.0,-1.054207,-0.474545,-0.473674,619.0,-0.437007,147.0,2.0
1.54349,1.26699,-1.566107,734.0,0.0,0.023154,-0.474545,-0.473674,47.0,-0.024246,147.0,0.0
1.547377,-0.789272,0.827377,471.0,1.0,0.369449,-0.474545,-0.473674,205.0,-0.518805,147.0,0.0
1.551265,-0.789272,0.827377,189.0,1.0,-0.977252,-0.474545,-0.473674,264.0,-0.474005,147.0,2.0
1.555153,-0.789272,0.827377,0.0,1.0,0.946606,-0.474545,-0.473674,563.0,-0.496405,147.0,2.0
1.559041,-0.789272,0.827377,720.0,1.0,-0.0,6.784163,2.008933,568.0,0.751946,147.0,2.0
1.562929,-0.789272,0.827377,509.0,1.0,0.407926,-0.474545,-0.473674,359.0,-0.489442,147.0,0.0
1.566817,-0.789272,-0.369365,334.0,1.0,-0.130754,-0.474545,0.76763,155.0,0.016023,147.0,2.0
1.570705,1.26699,-1.566107,291.0,0.0,-0.0,0.432793,-0.473674,84.0,1.145664,86.0,0.0
1.574593,-0.789272,0.827377,22.0,1.0,-1.977659,3.154809,2.008933,333.0,-0.018709,147.0,2.0
1.578481,-0.789272,0.827377,795.0,1.0,3.409146,-0.474545,-0.473674,317.0,-0.491874,147.0,2.0
1.582368,-0.789272,0.827377,97.0,0.0,-1.592887,0.432793,0.76763,203.0,-0.341452,147.0,0.0
1.586256,1.26699,-1.566107,485.0,0.0,-1.054207,-0.474545,0.76763,591.0,0.144885,99.0,2.0
1.590144,-0.789272,-0.369365,145.0,0.0,1.100515,0.432793,-0.473674,144.0,-0.12492,147.0,2.0
1.594032,1.26699,0.827377,8.0,0.0,-0.900298,-0.474545,0.76763,484.0,-0.460162,147.0,2.0
1.59792,1.26699,-1.566107,860.0,0.0,1.177469,0.432793,0.76763,453.0,2.671118,147.0,2.0
1.601808,1.26699,-1.566107,196.0,1.0,1.639196,-0.474545,-0.473674,23.0,-0.113846,119.0,2.0
1.605696,1.26699,0.827377,56.0,0.0,-0.438572,-0.474545,3.250237,194.0,-0.260662,147.0,0.0
1.609584,-0.789272,0.827377,672.0,1.0,-0.0,-0.474545,-0.473674,178.0,-0.502864,147.0,0.0
1.613471,-0.789272,0.827377,325.0,1.0,0.869652,1.340132,-0.473674,399.0,-0.364355,147.0,2.0
1.617359,-0.789272,-0.369365,283.0,1.0,-0.669435,0.432793,-0.473674,221.0,-0.416873,147.0,2.0
1.621247,1.26699,-1.566107,797.0,0.0,1.408333,-0.474545,-0.473674,88.0,-0.126345,94.0,2.0
1.625135,-0.789272,0.827377,718.0,0.0,-0.0,6.784163,2.008933,568.0,0.751946,147.0,2.0
1.629023,-0.789272,-0.369365,285.0,1.0,-0.438572,-0.474545,-0.473674,120.0,-0.386671,147.0,2.0
1.632911,1.26699,-0.369365,122.0,0.0,0.946606,-0.474545,-0.473674,126.0,-0.386671,147.0,2.0
1.636799,1.26699,-0.369365,230.0,0.0,-0.207709,0.432793,-0.473674,632.0,-0.369389,147.0,0.0
1.640687,-0.789272,-1.566107,696.0,1.0,0.100109,-0.474545,-0.473674,590.0,0.368295,6.0,2.0
1.644575,-0.789272,0.827377,890.0,1.0,-0.0,-0.474545,-0.473674,309.0,-0.457142,147.0,2.0
1.648462,1.26699,0.827377,407.0,1.0,-1.977659,0.432793,0.76763,344.0,-0.424256,147.0,2.0
1.65235,-0.789272,0.827377,59.0,1.0,-0.284663,-0.474545,-0.473674,387.0,-0.489442,147.0,2.0
1.656238,1.26699,-1.566107,79.0,0.0,1.331378,0.432793,0.76763,54.0,0.409741,102.0,2.0
1.660126,-0.789272,-1.566107,139.0,1.0,0.254017,-0.474545,-0.473674,502.0,-0.547748,34.0,2.0
1.664014,-0.789272,0.827377,836.0,1.0,1.331378,-0.474545,-0.473674,303.0,-0.467209,147.0,2.0
1.667902,1.26699,-0.369365,4.0,0.0,-0.130754,0.432793,-0.473674,575.0,-0.165189,147.0,0.0
1.67179,1.26699,0.827377,571.0,0.0,-1.131161,-0.474545,-0.473674,195.0,-0.502949,147.0,0.0
1.675678,-0.789272,0.827377,311.0,1.0,-0.746389,-0.474545,-0.473674,504.0,-0.45018,147.0,2.0
1.679565,-0.789272,0.827377,657.0,1.0,-0.823344,-0.474545,-0.473674,358.0,-0.489442,147.0,2.0
1.683453,-0.789272,0.827377,451.0,1.0,-0.0,-0.474545,-0.473674,363.0,-0.489442,147.0,2.0
1.687341,1.26699,-1.566107,668.0,0.0,2.023967,-0.474545,0.76763,59.0,1.025945,70.0,0.0
1.691229,1.26699,-0.369365,739.0,0.0,-0.361618,-0.474545,0.76763,115.0,-0.12492,147.0,2.0
1.695117,-0.789272,0.827377,510.0,1.0,0.254017,-0.474545,-0.473674,394.0,-0.489442,147.0,2.0
1.699005,-0.789272,0.827377,193.0,0.0,-0.592481,-0.474545,-0.473674,508.0,-0.436671,147.0,2.0
1.702893,-0.789272,-0.369365,61.0,1.0,-0.130754,-0.474545,-0.473674,565.0,-0.437007,147.0,2.0
1.706781,-0.789272,0.827377,793.0,1.0,-0.361618,-0.474545,-0.473674,650.0,-0.506472,147.0,2.0
1.710669,-0.789272,0.827377,684.0,0.0,0.715743,-0.474545,5.732844,480.0,-0.061999,147.0,1.0
1.714556,-0.789272,-0.369365,548.0,1.0,-0.207709,-0.474545,-0.473674,101.0,-0.386671,147.0,2.0
1.718444,1.26699,-1.566107,303.0,0.0,-0.823344,-0.474545,-0.473674,14.0,-0.044381,30.0,2.0
1.722332,-0.789272,0.827377,413.0,0.0,-0.0,0.432793,2.008933,675.0,-0.176263,147.0,2.0
1.72622,1.26699,-1.566107,81.0,1.0,-0.284663,-0.474545,-0.473674,8.0,-0.044381,60.0,0.0
1.730108,-0.789272,0.827377,220.0,1.0,0.177063,-0.474545,-0.473674,466.0,-0.492378,147.0,1.0
